latitude,longitude,elevation,utc_offset_seconds,timezone,timezone_abbreviation
40.808434,-73.89206,14.0,-18000,America/New_York,EST

time,temperature_2m_max (°C),temperature_2m_min (°C),temperature_2m_mean (°C)
2016-01-01,6.3,0.2,2.9
2016-01-02,4.3,-2.0,0.9
2016-01-03,6.5,-1.6,1.5
2016-01-04,-0.6,-8.4,-2.9
2016-01-05,-1.5,-10.1,-5.8
2016-01-06,3.4,-6.5,-2.7
2016-01-07,5.5,-4.8,0.5
2016-01-08,5.8,-1.6,2.1
2016-01-09,8.2,2.1,5.4
2016-01-10,13.7,3.6,9.9
2016-01-11,2.5,-4.2,-0.2
2016-01-12,5.3,-5.6,-0.7
2016-01-13,-1.4,-4.7,-3.3
2016-01-14,2.6,-5.6,-1.7
2016-01-15,8.4,0.2,3.9
2016-01-16,9.9,2.7,5.4
2016-01-17,3.3,-3.0,0.3
2016-01-18,-2.3,-6.9,-4.1
2016-01-19,-2.4,-8.3,-5.6
2016-01-20,2.7,-4.2,-1.6
2016-01-21,2.1,-4.0,-1.9
2016-01-22,-1.2,-6.6,-3.5
2016-01-23,-2.6,-4.1,-3.3
2016-01-24,-3.3,-9.3,-6.4
2016-01-25,-0.5,-8.3,-4.6
2016-01-26,4.6,-5.5,-0.2
2016-01-27,3.5,-4.7,0.7
2016-01-28,2.0,-7.5,-3.2
2016-01-29,3.5,-3.8,-0.8
2016-01-30,1.3,-7.2,-2.4
2016-01-31,5.9,-3.7,0.7
2016-02-01,8.5,0.1,4.3
2016-02-02,8.6,-2.5,1.6
2016-02-03,12.4,-1.6,7.4
2016-02-04,12.0,5.6,9.9
2016-02-05,4.4,-5.6,0.6
2016-02-06,2.5,-5.7,-1.1
2016-02-07,6.2,-5.0,0.2
2016-02-08,1.1,-3.2,-0.4
2016-02-09,0.8,-3.8,-1.9
2016-02-10,3.2,-3.2,-0.1
2016-02-11,-3.1,-8.3,-5.0
2016-02-12,-4.1,-13.2,-7.9
2016-02-13,-7.4,-16.2,-10.8
2016-02-14,-9.6,-19.3,-14.0
2016-02-15,4.5,-10.8,-4.2
2016-02-16,11.4,0.2,7.6
2016-02-17,6.2,-1.8,1.6
2016-02-18,1.5,-4.6,-1.6
2016-02-19,1.9,-6.1,-1.7
2016-02-20,14.8,2.1,7.8
2016-02-21,11.3,0.9,6.4
2016-02-22,9.7,-1.0,3.5
2016-02-23,5.0,-0.7,1.8
2016-02-24,13.8,2.3,8.0
2016-02-25,14.0,3.2,8.4
2016-02-26,3.2,-2.8,0.7
2016-02-27,4.3,-5.0,-0.3
2016-02-28,14.0,-0.1,6.1
2016-02-29,13.5,5.6,8.9
2016-03-01,8.7,0.8,5.2
2016-03-02,10.9,-1.8,5.3
2016-03-03,2.0,-4.0,-0.8
2016-03-04,2.8,-1.8,0.2
2016-03-05,3.5,-3.9,-0.2
2016-03-06,5.7,-3.4,1.4
2016-03-07,13.5,-2.0,5.5
2016-03-08,15.3,2.4,8.0
2016-03-09,22.4,3.8,12.7
2016-03-10,23.9,10.8,16.9
2016-03-11,16.6,6.0,12.7
2016-03-12,14.4,2.3,8.1
2016-03-13,15.0,5.5,10.2
2016-03-14,8.2,5.3,6.3
2016-03-15,11.9,5.9,8.3
2016-03-16,16.3,5.7,9.9
2016-03-17,15.7,4.2,9.8
2016-03-18,13.0,4.6,8.6
2016-03-19,7.4,0.2,4.1
2016-03-20,4.5,-0.5,1.9
2016-03-21,9.1,0.3,3.9
2016-03-22,12.2,-1.1,5.5
2016-03-23,19.5,6.9,12.2
2016-03-24,13.0,4.9,8.3
2016-03-25,21.2,8.0,14.7
2016-03-26,10.8,2.1,6.3
2016-03-27,10.0,4.1,6.6
2016-03-28,13.9,5.8,8.8
2016-03-29,10.7,2.9,7.0
2016-03-30,11.6,-0.7,5.7
2016-03-31,20.8,6.2,13.8
2016-04-01,22.8,13.8,17.2
2016-04-02,12.8,7.9,10.6
2016-04-03,7.8,-0.0,3.5
2016-04-04,10.9,-0.3,4.5
2016-04-05,4.6,-3.5,0.4
2016-04-06,7.8,-3.3,3.2
2016-04-07,13.2,7.7,10.5
2016-04-08,9.3,2.4,6.8
2016-04-09,5.8,0.2,3.2
2016-04-10,9.0,-1.4,4.1
2016-04-11,15.6,4.2,9.6
2016-04-12,12.7,4.5,10.2
2016-04-13,11.7,0.3,6.5
2016-04-14,13.9,1.6,7.8
2016-04-15,15.2,2.3,9.1
2016-04-16,16.9,2.1,9.4
2016-04-17,20.2,2.9,11.1
2016-04-18,23.9,5.5,14.9
2016-04-19,19.6,9.1,14.1
2016-04-20,17.6,5.7,11.3
2016-04-21,21.2,4.7,13.6
2016-04-22,25.1,11.4,18.2
2016-04-23,19.7,10.8,15.9
2016-04-24,17.9,6.7,11.9
2016-04-25,19.0,7.6,13.1
2016-04-26,21.9,8.6,12.9
2016-04-27,14.4,7.6,10.7
2016-04-28,13.3,5.6,9.1
2016-04-29,12.2,7.5,9.3
2016-04-30,15.7,7.0,10.4
2016-05-01,9.6,8.2,8.9
2016-05-02,14.4,7.8,11.1
2016-05-03,11.9,9.9,11.0
2016-05-04,10.8,8.2,9.5
2016-05-05,12.5,7.7,9.8
2016-05-06,11.5,8.6,9.8
2016-05-07,14.1,9.1,11.0
2016-05-08,17.2,7.4,11.8
2016-05-09,21.1,6.2,13.5
2016-05-10,16.9,5.9,11.7
2016-05-11,21.6,7.7,14.9
2016-05-12,23.2,9.4,16.0
2016-05-13,17.4,10.5,14.6
2016-05-14,20.8,10.5,15.9
2016-05-15,13.5,7.7,11.2
2016-05-16,18.0,5.1,10.9
2016-05-17,18.0,9.1,12.6
2016-05-18,18.4,8.5,13.2
2016-05-19,20.0,10.9,14.7
2016-05-20,23.1,8.9,16.3
2016-05-21,16.1,11.6,14.2
2016-05-22,19.9,11.1,14.7
2016-05-23,22.9,10.3,16.6
2016-05-24,22.1,14.0,16.7
2016-05-25,30.1,11.3,21.4
2016-05-26,30.5,15.3,23.1
2016-05-27,29.6,17.7,23.4
2016-05-28,31.2,19.8,25.2
2016-05-29,30.0,20.1,23.9
2016-05-30,26.9,19.2,22.3
2016-05-31,28.5,19.6,23.5
2016-06-01,27.0,16.6,21.7
2016-06-02,23.3,15.3,18.9
2016-06-03,20.0,16.9,18.1
2016-06-04,26.5,17.9,21.6
2016-06-05,21.7,18.1,19.9
2016-06-06,27.8,18.1,23.0
2016-06-07,28.4,18.5,23.2
2016-06-08,20.5,13.1,16.2
2016-06-09,21.7,11.9,16.5
2016-06-10,24.0,12.3,17.8
2016-06-11,30.1,13.3,22.1
2016-06-12,26.5,15.6,22.7
2016-06-13,24.1,13.8,18.4
2016-06-14,26.5,13.5,20.0
2016-06-15,29.3,14.5,22.5
2016-06-16,24.7,18.6,21.6
2016-06-17,24.9,15.4,20.7
2016-06-18,29.4,14.1,21.9
2016-06-19,30.3,16.8,22.5
2016-06-20,29.3,16.6,23.3
2016-06-21,31.4,20.8,25.9
2016-06-22,30.4,18.5,24.3
2016-06-23,27.8,18.4,23.4
2016-06-24,27.5,18.0,22.8
2016-06-25,28.5,17.0,22.4
2016-06-26,30.1,17.8,23.2
2016-06-27,28.4,16.7,22.7
2016-06-28,23.9,20.4,21.6
2016-06-29,28.1,20.2,23.6
2016-06-30,28.9,18.0,23.5
2016-07-01,26.4,19.2,23.0
2016-07-02,25.6,18.2,21.8
2016-07-03,27.7,15.9,22.2
2016-07-04,28.4,17.0,22.8
2016-07-05,30.0,20.2,24.6
2016-07-06,32.5,21.1,27.4
2016-07-07,32.5,23.0,27.8
2016-07-08,30.2,20.1,24.8
2016-07-09,23.0,19.3,20.7
2016-07-10,26.8,19.4,22.9
2016-07-11,25.5,17.8,21.7
2016-07-12,26.8,17.2,22.3
2016-07-13,28.6,19.6,24.0
2016-07-14,31.0,22.5,25.9
2016-07-15,32.0,23.2,27.6
2016-07-16,31.3,21.9,26.0
2016-07-17,31.6,22.4,26.9
2016-07-18,34.0,22.9,27.4
2016-07-19,28.3,19.8,24.7
2016-07-20,28.4,17.6,23.3
2016-07-21,31.4,19.4,25.6
2016-07-22,35.2,21.9,28.5
2016-07-23,34.8,24.2,29.6
2016-07-24,33.4,20.4,27.3
2016-07-25,33.8,23.4,27.0
2016-07-26,32.9,22.3,27.6
2016-07-27,31.9,20.6,26.7
2016-07-28,32.8,23.1,27.7
2016-07-29,29.1,21.8,25.0
2016-07-30,28.2,22.1,24.4
2016-07-31,24.8,22.3,23.2
2016-08-01,25.0,21.1,22.7
2016-08-02,23.9,19.8,21.8
2016-08-03,25.1,16.8,21.4
2016-08-04,26.4,18.5,22.3
2016-08-05,27.1,17.9,22.9
2016-08-06,30.1,21.4,25.2
2016-08-07,30.0,19.7,24.9
2016-08-08,29.9,18.5,24.3
2016-08-09,29.7,20.6,25.1
2016-08-10,29.4,22.8,25.5
2016-08-11,31.7,24.4,27.1
2016-08-12,34.1,24.7,28.5
2016-08-13,33.6,25.8,29.1
2016-08-14,33.8,25.9,29.3
2016-08-15,32.0,25.0,28.1
2016-08-16,29.0,25.0,26.7
2016-08-17,29.6,24.7,26.8
2016-08-18,29.2,23.0,25.7
2016-08-19,28.7,23.1,25.8
2016-08-20,28.2,23.4,25.4
2016-08-21,29.0,22.0,24.9
2016-08-22,25.6,17.5,22.0
2016-08-23,26.8,15.6,21.6
2016-08-24,29.4,17.4,23.8
2016-08-25,29.4,18.9,24.4
2016-08-26,32.1,23.1,26.9
2016-08-27,30.1,20.2,25.0
2016-08-28,30.0,20.3,24.7
2016-08-29,32.1,21.9,26.4
2016-08-30,28.5,19.1,23.9
2016-08-31,29.9,21.9,25.5
2016-09-01,25.8,21.0,23.5
2016-09-02,26.2,18.8,22.1
2016-09-03,23.2,18.1,20.3
2016-09-04,25.9,16.8,20.8
2016-09-05,28.2,17.2,21.6
2016-09-06,26.6,20.8,23.1
2016-09-07,27.6,20.8,23.8
2016-09-08,29.9,19.6,24.8
2016-09-09,31.9,23.8,27.6
2016-09-10,31.9,23.2,26.4
2016-09-11,27.1,19.4,24.5
2016-09-12,24.4,14.3,19.7
2016-09-13,27.7,15.5,20.9
2016-09-14,31.9,18.9,24.7
2016-09-15,22.7,16.1,19.4
2016-09-16,22.2,14.8,18.4
2016-09-17,25.1,14.2,20.1
2016-09-18,28.4,19.7,23.5
2016-09-19,22.3,20.7,21.6
2016-09-20,26.7,20.4,22.8
2016-09-21,27.5,18.4,22.6
2016-09-22,27.4,16.4,21.4
2016-09-23,29.5,16.2,22.5
2016-09-24,20.9,13.5,17.3
2016-09-25,20.1,10.4,15.4
2016-09-26,21.2,10.7,16.9
2016-09-27,22.7,16.4,18.9
2016-09-28,21.5,12.9,16.9
2016-09-29,18.4,14.5,16.0
2016-09-30,15.2,13.6,14.4
2016-10-01,17.2,13.9,15.3
2016-10-02,17.0,14.4,15.8
2016-10-03,22.1,14.9,18.0
2016-10-04,19.4,14.7,16.8
2016-10-05,18.8,11.3,15.1
2016-10-06,21.6,11.3,15.8
2016-10-07,22.2,11.4,15.9
2016-10-08,20.3,13.0,16.9
2016-10-09,16.8,11.6,13.4
2016-10-10,16.5,8.1,11.6
2016-10-11,16.0,5.9,11.2
2016-10-12,17.7,10.7,14.3
2016-10-13,19.9,10.9,14.9
2016-10-14,16.3,8.3,11.8
2016-10-15,17.2,6.0,11.6
2016-10-16,21.2,8.2,14.6
2016-10-17,25.8,15.1,19.4
2016-10-18,26.6,15.4,20.5
2016-10-19,28.1,16.2,21.9
2016-10-20,20.8,14.0,17.7
2016-10-21,20.7,17.7,19.3
2016-10-22,16.9,8.2,10.1
2016-10-23,15.8,7.3,11.2
2016-10-24,15.8,8.4,11.7
2016-10-25,11.3,5.3,8.3
2016-10-26,10.1,2.6,6.0
2016-10-27,13.5,5.5,8.4
2016-10-28,13.3,4.9,8.1
2016-10-29,16.8,2.6,10.0
2016-10-30,22.5,11.0,16.4
2016-10-31,11.9,4.8,8.8
2016-11-01,13.9,3.5,9.1
2016-11-02,20.2,8.8,13.8
2016-11-03,20.6,11.4,15.1
2016-11-04,14.4,6.4,10.7
2016-11-05,16.5,3.6,9.3
2016-11-06,12.8,5.5,9.4
2016-11-07,11.3,3.3,7.0
2016-11-08,17.6,3.0,9.6
2016-11-09,14.1,7.8,10.3
2016-11-10,12.8,4.2,8.4
2016-11-11,15.2,4.2,9.4
2016-11-12,9.5,1.1,4.8
2016-11-13,15.2,1.2,7.1
2016-11-14,15.8,2.3,8.5
2016-11-15,8.6,7.4,8.2
2016-11-16,15.7,6.4,10.1
2016-11-17,15.4,5.9,9.4
2016-11-18,16.8,3.6,9.1
2016-11-19,15.3,5.0,9.8
2016-11-20,6.2,1.9,3.8
2016-11-21,3.9,1.3,2.3
2016-11-22,4.7,0.6,2.1
2016-11-23,6.9,-0.8,2.5
2016-11-24,10.4,2.1,6.2
2016-11-25,11.5,5.6,8.2
2016-11-26,10.0,2.8,6.5
2016-11-27,8.9,0.7,4.4
2016-11-28,9.9,-0.3,4.3
2016-11-29,13.9,3.6,11.2
2016-11-30,13.3,9.4,10.6
2016-12-01,14.3,4.8,9.9
2016-12-02,9.8,2.8,5.6
2016-12-03,7.4,2.4,4.7
2016-12-04,6.8,1.4,3.3
2016-12-05,8.3,1.0,4.2
2016-12-06,6.7,-0.2,3.5
2016-12-07,6.7,2.7,5.0
2016-12-08,6.6,-0.6,2.6
2016-12-09,3.5,-2.1,0.5
2016-12-10,1.5,-3.8,-1.7
2016-12-11,1.6,-4.8,-1.6
2016-12-12,7.5,-0.0,3.6
2016-12-13,4.6,-1.9,1.3
2016-12-14,5.1,-1.7,1.1
2016-12-15,-0.5,-6.3,-3.8
2016-12-16,-2.6,-7.3,-5.1
2016-12-17,2.6,-3.8,-0.4
2016-12-18,12.7,-2.1,6.3
2016-12-19,-1.5,-5.1,-3.3
2016-12-20,-0.2,-7.5,-3.9
2016-12-21,4.8,-4.1,-0.4
2016-12-22,7.3,-2.6,2.0
2016-12-23,7.1,-1.8,2.0
2016-12-24,5.9,0.8,3.0
2016-12-25,9.0,-1.8,2.4
2016-12-26,8.5,-2.6,2.8
2016-12-27,14.1,0.8,9.5
2016-12-28,4.7,-1.5,1.1
2016-12-29,6.4,-2.7,1.6
2016-12-30,4.6,-1.1,0.8
2016-12-31,5.2,-3.0,1.5
2017-01-01,7.4,-0.6,4.2
2017-01-02,4.6,-0.6,2.4
2017-01-03,6.6,3.6,5.0
2017-01-04,9.8,0.8,5.8
2017-01-05,0.4,-3.9,-1.5
2017-01-06,0.8,-4.5,-1.6
2017-01-07,-4.7,-7.2,-5.4
2017-01-08,-5.4,-11.5,-9.0
2017-01-09,-7.3,-17.1,-11.4
2017-01-10,4.2,-12.9,-3.6
2017-01-11,10.0,3.4,6.1
2017-01-12,15.9,7.1,12.2
2017-01-13,13.6,-0.4,5.9
2017-01-14,0.5,-4.3,-1.6
2017-01-15,4.2,-3.5,-0.5
2017-01-16,4.2,-5.6,-0.6
2017-01-17,5.2,1.1,3.3
2017-01-18,4.5,3.4,3.9
2017-01-19,9.8,1.4,4.7
2017-01-20,6.9,1.2,4.2
2017-01-21,11.1,4.6,6.7
2017-01-22,8.5,5.3,6.6
2017-01-23,5.6,1.9,3.6
2017-01-24,4.0,1.9,2.8
2017-01-25,10.3,0.5,4.4
2017-01-26,10.2,4.0,6.5
2017-01-27,6.5,1.2,4.0
2017-01-28,4.2,-1.3,1.4
2017-01-29,6.3,-1.2,1.7
2017-01-30,3.1,-3.8,-0.6
2017-01-31,0.3,-5.6,-2.4
2017-02-01,8.4,-2.4,3.3
2017-02-02,6.4,-2.6,1.2
2017-02-03,1.3,-5.8,-2.0
2017-02-04,1.3,-6.1,-2.8
2017-02-05,6.2,-2.8,1.4
2017-02-06,8.1,-1.4,2.9
2017-02-07,4.4,-0.0,2.8
2017-02-08,14.9,3.9,9.3
2017-02-09,3.1,-8.7,-3.2
2017-02-10,-2.1,-10.0,-5.8
2017-02-11,5.4,-2.9,0.6
2017-02-12,2.9,-1.5,0.3
2017-02-13,2.6,-3.3,0.5
2017-02-14,3.2,-9.3,-2.0
2017-02-15,7.7,-2.1,1.6
2017-02-16,2.1,-3.3,-0.8
2017-02-17,5.3,-3.8,0.0
2017-02-18,15.0,-3.1,5.9
2017-02-19,18.1,5.8,11.1
2017-02-20,11.0,1.4,6.4
2017-02-21,7.0,-2.8,2.7
2017-02-22,12.2,1.8,6.5
2017-02-23,17.2,3.2,9.2
2017-02-24,19.1,10.1,13.5
2017-02-25,15.8,6.9,11.5
2017-02-26,6.7,0.1,3.5
2017-02-27,11.1,-1.5,4.5
2017-02-28,15.2,2.5,8.7
2017-03-01,21.2,9.4,14.8
2017-03-02,15.3,1.4,7.6
2017-03-03,3.9,-4.5,-0.0
2017-03-04,-0.7,-8.7,-4.6
2017-03-05,2.5,-9.7,-4.6
2017-03-06,4.9,-5.7,-0.1
2017-03-07,11.8,3.4,7.9
2017-03-08,14.6,7.7,11.2
2017-03-09,13.9,6.9,10.6
2017-03-10,6.2,-5.0,1.3
2017-03-11,-0.9,-7.8,-5.0
2017-03-12,0.6,-7.4,-4.2
2017-03-13,0.5,-7.3,-3.4
2017-03-14,0.6,-6.1,-1.6
2017-03-15,-3.5,-7.9,-5.4
2017-03-16,1.5,-7.1,-3.3
2017-03-17,4.4,-6.2,-1.5
2017-03-18,2.8,-7.3,-0.4
2017-03-19,5.6,-2.0,1.6
2017-03-20,10.5,-3.4,3.2
2017-03-21,14.0,1.4,7.3
2017-03-22,3.6,-5.7,-0.4
2017-03-23,5.4,-7.1,-1.2
2017-03-24,12.2,-2.3,5.4
2017-03-25,15.0,5.0,9.0
2017-03-26,6.5,2.4,4.5
2017-03-27,11.7,4.2,7.2
2017-03-28,8.6,4.4,6.6
2017-03-29,14.6,3.7,8.5
2017-03-30,10.8,-0.1,5.2
2017-03-31,5.2,3.2,4.3
2017-04-01,7.6,2.9,5.0
2017-04-02,15.5,1.5,8.5
2017-04-03,15.6,1.8,9.1
2017-04-04,12.0,6.6,9.4
2017-04-05,16.9,4.9,9.7
2017-04-06,13.4,4.3,7.6
2017-04-07,10.2,3.8,7.2
2017-04-08,13.0,2.5,7.0
2017-04-09,16.8,1.5,9.0
2017-04-10,19.6,5.1,13.4
2017-04-11,22.6,11.2,16.2
2017-04-12,21.9,9.3,16.2
2017-04-13,16.9,6.5,11.5
2017-04-14,16.3,4.5,10.0
2017-04-15,14.8,4.6,11.2
2017-04-16,27.9,13.4,20.2
2017-04-17,21.3,12.9,17.8
2017-04-18,17.1,7.1,11.2
2017-04-19,10.0,5.4,8.2
2017-04-20,18.4,9.3,12.7
2017-04-21,13.2,9.0,10.4
2017-04-22,12.4,9.4,10.9
2017-04-23,17.3,5.7,10.7
2017-04-24,14.2,5.1,10.8
2017-04-25,11.5,9.4,10.6
2017-04-26,16.1,11.0,13.6
2017-04-27,19.4,12.5,15.4
2017-04-28,25.9,12.7,18.7
2017-04-29,27.4,14.9,21.2
2017-04-30,17.1,10.7,14.2
2017-05-01,22.1,10.1,15.8
2017-05-02,22.8,14.2,19.3
2017-05-03,16.1,8.6,13.7
2017-05-04,15.9,5.7,11.0
2017-05-05,16.0,10.1,12.9
2017-05-06,17.1,11.0,15.2
2017-05-07,13.6,8.4,10.9
2017-05-08,13.5,6.0,9.8
2017-05-09,15.4,6.3,10.6
2017-05-10,16.7,7.2,11.6
2017-05-11,15.7,7.3,11.5
2017-05-12,14.7,6.9,11.1
2017-05-13,10.6,8.1,9.6
2017-05-14,18.1,7.5,12.6
2017-05-15,18.6,10.1,14.3
2017-05-16,24.4,9.7,17.2
2017-05-17,29.1,12.5,22.0
2017-05-18,31.4,20.1,25.9
2017-05-19,29.3,17.6,24.8
2017-05-20,16.5,11.1,14.8
2017-05-21,18.3,9.2,14.1
2017-05-22,15.7,12.3,14.1
2017-05-23,21.1,13.8,16.8
2017-05-24,19.2,13.5,15.4
2017-05-25,15.7,12.6,13.9
2017-05-26,22.1,12.4,17.1
2017-05-27,21.8,12.9,17.3
2017-05-28,20.5,12.5,16.6
2017-05-29,15.0,12.6,14.1
2017-05-30,15.7,12.3,14.2
2017-05-31,23.3,14.1,17.5
2017-06-01,24.8,13.9,19.0
2017-06-02,22.9,11.6,17.7
2017-06-03,21.0,10.5,15.8
2017-06-04,21.5,10.2,16.0
2017-06-05,21.0,14.3,17.4
2017-06-06,14.8,11.1,13.2
2017-06-07,18.8,10.5,14.6
2017-06-08,21.1,10.3,15.6
2017-06-09,24.9,10.4,18.4
2017-06-10,28.1,14.0,22.0
2017-06-11,31.8,19.2,25.5
2017-06-12,33.2,19.1,26.5
2017-06-13,34.0,20.7,27.3
2017-06-14,27.0,17.8,22.7
2017-06-15,23.2,15.8,19.2
2017-06-16,21.6,15.8,18.7
2017-06-17,23.0,18.2,20.0
2017-06-18,26.6,20.6,23.7
2017-06-19,28.5,21.6,24.7
2017-06-20,27.9,20.0,23.5
2017-06-21,27.2,19.4,23.2
2017-06-22,26.7,16.4,22.5
2017-06-23,28.8,22.3,25.6
2017-06-24,28.5,22.0,25.1
2017-06-25,26.7,17.9,23.0
2017-06-26,24.9,17.0,20.7
2017-06-27,22.7,16.6,19.4
2017-06-28,24.8,14.3,19.9
2017-06-29,26.6,16.7,22.0
2017-06-30,29.6,22.1,25.4
2017-07-01,26.8,22.0,24.7
2017-07-02,30.7,20.9,25.2
2017-07-03,31.4,19.7,25.4
2017-07-04,28.7,19.9,24.6
2017-07-05,28.7,19.6,23.8
2017-07-06,24.7,20.0,22.0
2017-07-07,25.3,19.7,22.0
2017-07-08,29.7,20.5,24.4
2017-07-09,27.2,17.4,22.3
2017-07-10,27.2,16.9,22.9
2017-07-11,28.2,21.5,24.7
2017-07-12,30.5,22.9,26.1
2017-07-13,32.8,22.0,26.7
2017-07-14,23.1,18.5,20.5
2017-07-15,28.4,20.2,23.6
2017-07-16,28.6,19.1,23.8
2017-07-17,28.1,21.3,24.3
2017-07-18,29.5,21.3,24.9
2017-07-19,31.7,22.5,26.8
2017-07-20,33.6,22.4,27.6
2017-07-21,32.7,23.4,27.4
2017-07-22,30.5,22.4,26.5
2017-07-23,25.3,22.3,23.6
2017-07-24,21.9,17.3,20.1
2017-07-25,21.2,17.1,19.0
2017-07-26,23.4,17.3,20.4
2017-07-27,24.8,17.3,21.4
2017-07-28,27.2,19.6,23.3
2017-07-29,23.8,17.7,20.7
2017-07-30,25.7,15.5,20.7
2017-07-31,29.1,16.0,22.8
2017-08-01,29.6,18.9,24.5
2017-08-02,27.2,20.5,22.8
2017-08-03,28.2,19.4,23.0
2017-08-04,26.6,20.9,23.5
2017-08-05,26.2,19.4,23.0
2017-08-06,25.2,16.4,20.6
2017-08-07,20.4,16.8,18.9
2017-08-08,24.3,18.0,20.9
2017-08-09,27.1,15.6,22.0
2017-08-10,27.6,17.4,22.5
2017-08-11,25.6,17.4,21.8
2017-08-12,24.3,18.9,22.0
2017-08-13,28.2,20.0,23.6
2017-08-14,25.9,19.2,22.8
2017-08-15,24.6,20.5,22.4
2017-08-16,29.4,19.8,24.3
2017-08-17,26.5,18.8,22.4
2017-08-18,27.4,22.9,24.5
2017-08-19,29.0,22.2,25.3
2017-08-20,28.1,20.3,23.7
2017-08-21,28.7,18.2,23.8
2017-08-22,30.1,21.9,25.8
2017-08-23,27.4,18.7,23.7
2017-08-24,26.1,17.4,21.3
2017-08-25,24.0,16.7,20.8
2017-08-26,23.7,16.3,19.7
2017-08-27,24.1,15.0,19.2
2017-08-28,23.4,16.2,19.1
2017-08-29,20.7,16.8,18.4
2017-08-30,25.1,15.9,20.0
2017-08-31,26.5,17.0,21.1
2017-09-01,21.1,12.3,16.5
2017-09-02,19.3,11.6,15.6
2017-09-03,19.9,14.9,17.6
2017-09-04,26.1,15.0,20.4
2017-09-05,27.2,19.2,23.0
2017-09-06,21.2,17.2,19.0
2017-09-07,22.1,15.6,18.6
2017-09-08,21.2,13.4,17.2
2017-09-09,20.4,12.3,15.9
2017-09-10,21.2,12.8,16.6
2017-09-11,24.0,11.5,17.6
2017-09-12,26.0,13.8,19.1
2017-09-13,26.0,13.9,20.3
2017-09-14,25.1,18.9,22.0
2017-09-15,26.0,17.8,21.9
2017-09-16,25.9,19.0,22.0
2017-09-17,25.9,19.4,21.7
2017-09-18,23.9,18.8,21.1
2017-09-19,25.5,19.8,22.0
2017-09-20,25.4,20.0,22.5
2017-09-21,26.7,20.2,22.8
2017-09-22,25.8,17.8,21.6
2017-09-23,28.2,18.4,22.7
2017-09-24,31.3,18.8,24.2
2017-09-25,30.2,20.1,24.1
2017-09-26,28.2,19.9,22.6
2017-09-27,28.3,20.6,23.6
2017-09-28,24.9,15.4,21.4
2017-09-29,19.5,12.4,16.2
2017-09-30,16.5,11.5,14.8
2017-10-01,19.4,9.9,14.0
2017-10-02,21.1,10.6,15.0
2017-10-03,19.4,10.9,15.1
2017-10-04,23.7,10.7,17.1
2017-10-05,29.5,16.6,21.3
2017-10-06,27.8,16.8,21.1
2017-10-07,25.9,16.5,21.1
2017-10-08,25.1,21.5,23.0
2017-10-09,23.4,21.7,22.6
2017-10-10,26.0,16.7,21.2
2017-10-11,21.9,16.0,19.0
2017-10-12,16.5,13.5,15.2
2017-10-13,17.9,12.8,15.5
2017-10-14,22.0,16.5,18.7
2017-10-15,23.6,18.0,20.2
2017-10-16,20.4,8.9,14.4
2017-10-17,14.1,6.4,10.1
2017-10-18,20.5,8.7,14.0
2017-10-19,21.0,10.4,15.3
2017-10-20,21.6,12.8,16.4
2017-10-21,23.7,9.7,15.6
2017-10-22,21.8,11.1,15.8
2017-10-23,21.7,13.3,18.2
2017-10-24,23.2,17.6,20.0
2017-10-25,18.7,14.4,16.3
2017-10-26,14.1,9.5,12.6
2017-10-27,15.8,6.8,11.3
2017-10-28,19.2,8.9,14.9
2017-10-29,18.6,16.3,17.6
2017-10-30,16.1,9.0,11.9
2017-10-31,13.0,6.1,9.8
2017-11-01,15.5,4.4,10.2
2017-11-02,20.7,11.9,16.8
2017-11-03,22.9,10.6,16.8
2017-11-04,12.2,7.3,9.8
2017-11-05,16.4,11.2,13.9
2017-11-06,17.9,8.0,15.2
2017-11-07,9.9,4.3,7.1
2017-11-08,9.0,4.1,6.3
2017-11-09,11.4,3.6,8.1
2017-11-10,10.9,-3.8,2.6
2017-11-11,2.8,-3.9,-0.6
2017-11-12,7.0,-1.0,3.2
2017-11-13,6.7,2.4,5.0
2017-11-14,7.8,1.5,4.3
2017-11-15,8.9,1.4,5.7
2017-11-16,12.9,6.3,10.0
2017-11-17,8.1,1.2,5.1
2017-11-18,10.8,-0.5,6.0
2017-11-19,14.2,4.6,9.9
2017-11-20,7.5,1.4,4.5
2017-11-21,13.4,3.7,7.9
2017-11-22,10.9,1.7,7.5
2017-11-23,5.5,-1.2,1.7
2017-11-24,8.5,-1.4,3.5
2017-11-25,12.5,1.3,6.8
2017-11-26,8.8,2.2,6.0
2017-11-27,9.5,1.7,4.9
2017-11-28,10.2,-1.2,5.5
2017-11-29,15.7,3.3,9.2
2017-11-30,10.6,0.5,5.9
2017-12-01,10.6,1.9,6.9
2017-12-02,7.7,-0.4,3.8
2017-12-03,10.3,1.7,5.8
2017-12-04,9.4,0.6,5.0
2017-12-05,15.3,8.8,12.3
2017-12-06,13.4,3.7,7.1
2017-12-07,7.5,1.5,3.8
2017-12-08,3.2,-0.7,1.6
2017-12-09,1.6,-0.6,0.6
2017-12-10,2.4,-2.8,-0.2
2017-12-11,4.9,-0.9,1.3
2017-12-12,10.2,-1.5,4.6
2017-12-13,-1.1,-6.6,-3.9
2017-12-14,0.8,-5.3,-2.8
2017-12-15,-2.2,-6.7,-4.4
2017-12-16,5.0,-4.9,-0.4
2017-12-17,2.2,-1.7,0.0
2017-12-18,7.8,-0.6,3.6
2017-12-19,11.6,4.1,7.7
2017-12-20,8.7,-0.2,4.6
2017-12-21,3.7,-2.5,0.3
2017-12-22,8.6,-2.4,3.3
2017-12-23,13.4,3.6,7.0
2017-12-24,5.3,0.4,2.7
2017-12-25,4.9,-3.1,1.3
2017-12-26,-2.3,-5.5,-4.0
2017-12-27,-4.0,-8.0,-6.0
2017-12-28,-7.3,-10.9,-9.2
2017-12-29,-4.5,-11.1,-8.5
2017-12-30,-3.7,-10.1,-6.9
2017-12-31,-8.0,-13.2,-10.0
2018-01-01,-6.7,-14.5,-11.2
2018-01-02,-2.9,-11.7,-7.9
2018-01-03,-2.3,-12.5,-7.0
2018-01-04,-4.1,-7.7,-5.1
2018-01-05,-8.9,-14.2,-12.5
2018-01-06,-12.9,-16.2,-14.7
2018-01-07,-9.8,-22.4,-15.1
2018-01-08,-1.7,-10.4,-5.7
2018-01-09,3.9,-5.3,-0.4
2018-01-10,2.9,-11.0,-3.5
2018-01-11,7.5,-0.2,4.1
2018-01-12,13.8,8.0,11.8
2018-01-13,13.4,-7.9,1.9
2018-01-14,-3.9,-9.5,-7.5
2018-01-15,-1.9,-8.8,-5.1
2018-01-16,4.0,-4.5,-0.7
2018-01-17,1.7,-6.3,-0.5
2018-01-18,0.3,-8.7,-4.5
2018-01-19,3.9,-5.9,-1.4
2018-01-20,9.5,-0.8,3.8
2018-01-21,9.9,-1.6,4.1
2018-01-22,8.4,3.7,6.0
2018-01-23,14.0,4.2,9.0
2018-01-24,4.6,-3.8,2.0
2018-01-25,1.3,-6.0,-3.2
2018-01-26,1.7,-7.0,-2.6
2018-01-27,11.7,-1.6,5.5
2018-01-28,10.6,5.2,8.3
2018-01-29,6.5,1.1,4.0
2018-01-30,3.4,-4.8,-0.4
2018-01-31,-0.2,-7.9,-3.9
2018-02-01,7.6,-1.4,2.9
2018-02-02,2.5,-8.9,-2.9
2018-02-03,-0.1,-9.0,-4.8
2018-02-04,6.7,-2.7,2.5
2018-02-05,3.3,-6.4,-1.1
2018-02-06,2.8,-6.5,-2.1
2018-02-07,9.8,-3.2,1.2
2018-02-08,0.6,-4.9,-2.4
2018-02-09,2.4,-7.1,-1.8
2018-02-10,9.5,2.0,5.9
2018-02-11,16.0,4.8,9.4
2018-02-12,15.6,-1.1,6.0
2018-02-13,2.7,-4.9,-1.6
2018-02-14,10.4,0.4,4.5
2018-02-15,15.9,5.8,9.9
2018-02-16,13.6,1.4,9.4
2018-02-17,3.8,-4.8,0.3
2018-02-18,4.9,-2.0,1.6
2018-02-19,8.8,-2.5,4.3
2018-02-20,18.8,8.8,12.3
2018-02-21,23.5,12.2,16.7
2018-02-22,11.8,2.4,5.6
2018-02-23,4.5,1.8,3.1
2018-02-24,12.1,4.8,7.9
2018-02-25,6.2,5.0,5.5
2018-02-26,10.9,2.0,6.5
2018-02-27,12.2,-1.3,5.0
2018-02-28,13.9,1.5,7.7
2018-03-01,15.2,3.9,9.7
2018-03-02,6.3,1.7,3.3
2018-03-03,7.7,2.7,4.7
2018-03-04,7.0,-0.5,3.8
2018-03-05,5.4,-1.5,2.2
2018-03-06,6.6,-2.4,2.5
2018-03-07,2.2,0.6,1.4
2018-03-08,6.3,-2.1,1.8
2018-03-09,5.6,-3.6,1.1
2018-03-10,5.3,-2.5,1.5
2018-03-11,6.9,-3.2,1.6
2018-03-12,5.7,-3.3,1.8
2018-03-13,5.3,-0.4,1.9
2018-03-14,4.9,-3.4,0.7
2018-03-15,7.3,-1.8,2.4
2018-03-16,3.6,-2.2,0.4
2018-03-17,9.4,-4.0,1.9
2018-03-18,5.2,-5.3,0.2
2018-03-19,7.2,-3.1,1.4
2018-03-20,2.3,-4.0,-0.0
2018-03-21,2.6,0.2,1.1
2018-03-22,6.5,-0.3,2.6
2018-03-23,6.9,-3.0,2.2
2018-03-24,9.1,-2.0,3.8
2018-03-25,7.6,-1.4,2.6
2018-03-26,8.8,-2.4,2.2
2018-03-27,6.3,-2.7,2.4
2018-03-28,8.9,2.8,5.8
2018-03-29,12.9,7.0,9.2
2018-03-30,16.0,5.0,11.5
2018-03-31,11.6,0.5,6.1
2018-04-01,14.1,3.1,8.5
2018-04-02,6.1,-1.7,1.5
2018-04-03,5.4,-2.1,3.0
2018-04-04,21.4,4.0,9.2
2018-04-05,7.6,-0.8,3.0
2018-04-06,14.2,-0.9,6.1
2018-04-07,8.8,2.1,5.6
2018-04-08,6.6,-1.3,2.5
2018-04-09,7.1,-2.3,2.5
2018-04-10,9.0,1.6,4.8
2018-04-11,8.7,-2.2,4.2
2018-04-12,14.3,3.2,9.6
2018-04-13,25.3,12.8,18.2
2018-04-14,24.0,7.0,16.4
2018-04-15,6.3,2.8,4.7
2018-04-16,16.4,4.0,9.1
2018-04-17,8.8,2.6,5.7
2018-04-18,12.1,0.9,6.3
2018-04-19,7.6,2.7,6.1
2018-04-20,11.2,0.6,5.4
2018-04-21,15.3,1.1,8.2
2018-04-22,17.3,1.6,9.3
2018-04-23,17.1,2.8,9.2
2018-04-24,16.0,3.9,10.7
2018-04-25,14.6,10.5,12.6
2018-04-26,20.6,8.9,14.5
2018-04-27,12.7,8.0,10.8
2018-04-28,17.8,6.4,11.4
2018-04-29,15.1,7.2,10.5
2018-04-30,10.1,5.8,8.0
2018-05-01,23.6,5.5,15.0
2018-05-02,28.5,12.3,21.0
2018-05-03,30.9,15.6,23.1
2018-05-04,27.6,16.9,22.5
2018-05-05,22.5,14.1,18.0
2018-05-06,17.3,12.0,14.7
2018-05-07,21.8,10.5,15.7
2018-05-08,21.3,9.5,14.7
2018-05-09,22.5,9.0,15.0
2018-05-10,18.5,10.1,14.2
2018-05-11,21.1,14.3,17.5
2018-05-12,15.6,10.3,13.1
2018-05-13,13.1,10.4,11.6
2018-05-14,18.3,10.8,14.2
2018-05-15,29.6,15.1,21.5
2018-05-16,17.4,13.4,15.5
2018-05-17,20.6,12.5,16.0
2018-05-18,16.7,12.1,15.4
2018-05-19,15.2,10.8,12.5
2018-05-20,26.8,16.3,21.1
2018-05-21,23.9,12.5,17.7
2018-05-22,20.0,12.9,15.3
2018-05-23,25.7,12.4,19.6
2018-05-24,25.9,15.8,20.4
2018-05-25,28.8,16.2,22.8
2018-05-26,30.2,19.7,24.0
2018-05-27,19.3,13.3,15.8
2018-05-28,19.9,13.0,15.7
2018-05-29,30.0,16.3,22.4
2018-05-30,23.7,14.7,18.9
2018-05-31,20.4,16.3,18.5
2018-06-01,25.9,17.9,20.7
2018-06-02,28.5,19.4,23.4
2018-06-03,18.0,12.0,15.9
2018-06-04,20.0,11.4,15.2
2018-06-05,22.6,12.2,17.9
2018-06-06,20.5,12.9,16.4
2018-06-07,19.9,13.7,16.3
2018-06-08,25.7,13.1,20.2
2018-06-09,25.9,16.7,21.2
2018-06-10,21.0,15.3,18.0
2018-06-11,21.2,12.0,16.6
2018-06-12,21.7,11.1,16.9
2018-06-13,23.8,15.3,20.1
2018-06-14,27.3,16.3,22.6
2018-06-15,24.4,15.5,19.2
2018-06-16,28.0,14.6,21.3
2018-06-17,30.3,16.1,23.4
2018-06-18,30.7,19.9,25.8
2018-06-19,30.5,20.3,26.2
2018-06-20,26.6,17.7,22.3
2018-06-21,28.8,19.4,22.9
2018-06-22,24.3,18.0,20.3
2018-06-23,21.4,15.8,18.4
2018-06-24,27.2,16.6,22.3
2018-06-25,26.3,17.2,22.1
2018-06-26,23.8,15.0,19.6
2018-06-27,23.0,16.0,20.2
2018-06-28,27.8,20.4,23.5
2018-06-29,31.6,19.8,25.6
2018-06-30,31.5,18.9,25.7
2018-07-01,33.8,22.0,27.8
2018-07-02,33.3,22.1,27.1
2018-07-03,31.9,22.7,26.5
2018-07-04,29.9,23.6,25.9
2018-07-05,29.6,23.5,26.2
2018-07-06,26.1,20.6,24.6
2018-07-07,24.8,16.5,20.1
2018-07-08,27.0,14.6,21.4
2018-07-09,29.5,17.0,23.2
2018-07-10,32.1,18.9,25.9
2018-07-11,29.3,20.5,24.8
2018-07-12,29.0,19.7,23.5
2018-07-13,27.6,19.0,23.5
2018-07-14,31.9,19.4,25.9
2018-07-15,29.1,21.1,24.6
2018-07-16,31.8,22.3,27.0
2018-07-17,30.6,23.0,25.4
2018-07-18,29.1,19.1,24.1
2018-07-19,27.1,17.4,22.3
2018-07-20,27.1,18.0,22.3
2018-07-21,25.7,17.5,21.5
2018-07-22,27.9,20.7,24.0
2018-07-23,26.2,22.7,24.1
2018-07-24,27.4,22.9,24.8
2018-07-25,24.6,21.9,23.2
2018-07-26,28.9,21.6,24.8
2018-07-27,29.5,20.9,25.3
2018-07-28,28.5,21.4,24.6
2018-07-29,27.6,20.0,24.0
2018-07-30,26.6,18.9,22.9
2018-07-31,26.2,19.7,22.9
2018-08-01,28.7,22.1,25.2
2018-08-02,28.6,23.6,25.9
2018-08-03,28.5,23.2,25.3
2018-08-04,30.0,22.3,25.1
2018-08-05,32.2,21.3,26.8
2018-08-06,32.5,23.1,27.7
2018-08-07,30.0,23.5,26.6
2018-08-08,30.6,22.7,26.3
2018-08-09,29.8,22.7,26.4
2018-08-10,30.1,19.5,25.2
2018-08-11,25.1,22.0,23.7
2018-08-12,26.3,21.7,23.5
2018-08-13,24.8,21.4,22.6
2018-08-14,27.0,20.1,23.2
2018-08-15,30.5,20.5,25.4
2018-08-16,31.7,21.8,26.7
2018-08-17,28.7,22.9,25.8
2018-08-18,29.0,21.3,24.9
2018-08-19,22.3,19.7,21.0
2018-08-20,23.6,17.9,20.6
2018-08-21,24.4,18.6,21.7
2018-08-22,28.1,21.5,24.3
2018-08-23,24.3,18.2,21.2
2018-08-24,27.0,15.7,21.4
2018-08-25,25.2,17.8,21.4
2018-08-26,27.0,17.1,22.6
2018-08-27,30.5,20.7,25.5
2018-08-28,33.7,23.5,28.4
2018-08-29,33.7,24.5,29.0
2018-08-30,30.8,24.3,27.4
2018-08-31,25.1,19.8,22.9
2018-09-01,25.7,19.6,21.6
2018-09-02,26.7,18.0,22.6
2018-09-03,30.6,22.7,26.1
2018-09-04,31.8,23.6,27.6
2018-09-05,29.7,22.7,25.9
2018-09-06,32.1,23.4,26.8
2018-09-07,24.9,20.5,22.8
2018-09-08,21.5,16.2,19.0
2018-09-09,17.4,13.9,15.6
2018-09-10,18.7,14.3,16.4
2018-09-11,25.1,17.5,21.6
2018-09-12,25.7,20.5,23.0
2018-09-13,24.4,20.7,22.3
2018-09-14,24.1,20.2,21.7
2018-09-15,25.1,17.9,21.3
2018-09-16,27.7,18.5,21.8
2018-09-17,25.0,17.9,22.1
2018-09-18,24.9,19.2,22.6
2018-09-19,26.7,19.1,22.4
2018-09-20,21.3,17.6,19.3
2018-09-21,22.9,18.8,20.7
2018-09-22,22.2,15.8,20.0
2018-09-23,18.9,14.9,16.7
2018-09-24,20.3,14.2,16.8
2018-09-25,22.2,14.2,19.0
2018-09-26,25.8,20.7,23.0
2018-09-27,21.6,15.2,18.5
2018-09-28,19.2,13.6,16.5
2018-09-29,22.3,13.3,17.5
2018-09-30,20.0,11.9,16.3
2018-10-01,24.6,15.3,19.8
2018-10-02,24.0,17.9,20.7
2018-10-03,24.4,16.5,20.6
2018-10-04,24.8,15.4,20.2
2018-10-05,20.2,14.0,17.2
2018-10-06,19.8,17.1,18.5
2018-10-07,26.4,19.4,22.3
2018-10-08,19.8,17.7,19.0
2018-10-09,24.5,19.1,21.6
2018-10-10,24.9,20.6,22.2
2018-10-11,25.4,20.8,22.5
2018-10-12,21.0,10.7,15.4
2018-10-13,13.6,7.7,10.7
2018-10-14,14.6,6.4,10.6
2018-10-15,20.0,9.4,15.9
2018-10-16,16.2,8.1,11.2
2018-10-17,16.4,7.5,11.3
2018-10-18,9.6,4.4,6.9
2018-10-19,14.7,4.2,9.6
2018-10-20,17.1,9.0,13.2
2018-10-21,9.3,3.9,7.1
2018-10-22,10.7,3.4,7.0
2018-10-23,16.5,6.6,11.2
2018-10-24,13.2,6.0,9.0
2018-10-25,10.7,4.0,6.7
2018-10-26,10.5,1.9,6.7
2018-10-27,12.3,6.8,9.5
2018-10-28,11.6,7.0,9.4
2018-10-29,14.1,7.4,10.5
2018-10-30,12.4,4.8,7.7
2018-10-31,16.6,4.8,11.3
2018-11-01,19.3,11.1,15.4
2018-11-02,20.8,17.1,19.0
2018-11-03,18.6,7.2,13.5
2018-11-04,11.9,3.9,7.7
2018-11-05,11.5,6.8,10.0
2018-11-06,16.9,9.7,12.5
2018-11-07,16.8,8.3,12.9
2018-11-08,12.2,5.2,8.8
2018-11-09,10.5,3.8,7.6
2018-11-10,9.9,1.4,6.0
2018-11-11,7.6,0.2,3.6
2018-11-12,9.0,-0.0,4.9
2018-11-13,11.9,5.7,8.1
2018-11-14,5.2,-0.4,2.5
2018-11-15,4.2,-1.6,0.9
2018-11-16,7.3,1.8,4.5
2018-11-17,8.9,0.9,4.5
2018-11-18,5.7,1.3,3.9
2018-11-19,11.5,2.4,6.5
2018-11-20,8.2,2.2,5.5
2018-11-21,7.6,-3.0,2.9
2018-11-22,-3.2,-7.5,-5.3
2018-11-23,-1.0,-8.1,-4.5
2018-11-24,8.6,-2.8,3.4
2018-11-25,12.6,4.4,8.0
2018-11-26,11.1,3.5,7.5
2018-11-27,7.4,3.0,5.1
2018-11-28,5.1,1.9,3.5
2018-11-29,6.5,1.6,4.2
2018-11-30,5.0,-1.4,2.5
2018-12-01,6.6,-1.5,3.2
2018-12-02,15.0,5.4,11.0
2018-12-03,12.9,6.2,10.2
2018-12-04,5.8,-2.2,2.0
2018-12-05,2.0,-4.3,-1.3
2018-12-06,4.3,-3.6,0.6
2018-12-07,2.8,-4.3,0.2
2018-12-08,1.9,-5.2,-1.9
2018-12-09,1.7,-4.6,-1.7
2018-12-10,3.8,-3.8,-0.8
2018-12-11,3.7,-4.6,-1.0
2018-12-12,5.0,-2.3,1.0
2018-12-13,4.0,-0.7,1.7
2018-12-14,10.2,2.8,6.5
2018-12-15,9.6,6.0,7.9
2018-12-16,6.6,1.6,4.0
2018-12-17,7.6,1.9,4.0
2018-12-18,2.2,-3.3,-0.4
2018-12-19,4.4,-5.4,-0.9
2018-12-20,11.0,-2.2,3.8
2018-12-21,15.1,10.5,12.8
2018-12-22,10.0,4.0,6.6
2018-12-23,5.8,-0.9,2.7
2018-12-24,7.1,0.6,2.9
2018-12-25,4.7,-2.1,1.1
2018-12-26,5.7,-3.4,0.7
2018-12-27,4.1,-0.7,1.7
2018-12-28,13.5,4.8,10.3
2018-12-29,12.4,1.9,8.3
2018-12-30,4.4,-0.8,1.5
2018-12-31,8.2,-1.8,3.6
2019-01-01,14.5,3.3,9.5
2019-01-02,3.6,-0.8,1.7
2019-01-03,7.2,-0.5,4.1
2019-01-04,7.9,-1.6,2.7
2019-01-05,7.1,3.0,5.5
2019-01-06,8.7,-1.0,3.8
2019-01-07,0.2,-5.2,-2.2
2019-01-08,8.7,-0.0,4.6
2019-01-09,7.1,0.5,4.5
2019-01-10,0.9,-2.1,-0.4
2019-01-11,-1.4,-5.9,-3.9
2019-01-12,2.1,-6.5,-3.0
2019-01-13,0.1,-4.0,-2.5
2019-01-14,1.0,-6.3,-3.5
2019-01-15,3.4,-5.3,-1.8
2019-01-16,4.8,-4.3,-0.3
2019-01-17,-0.0,-5.6,-2.6
2019-01-18,3.8,-2.2,0.5
2019-01-19,3.3,-3.9,-0.0
2019-01-20,7.9,-11.5,-0.3
2019-01-21,-11.6,-15.7,-13.2
2019-01-22,-2.0,-11.4,-6.8
2019-01-23,7.9,-2.8,2.3
2019-01-24,12.6,0.5,8.6
2019-01-25,3.0,-3.7,-0.8
2019-01-26,0.9,-6.4,-3.0
2019-01-27,8.7,-3.2,2.9
2019-01-28,1.4,-5.8,-2.7
2019-01-29,4.9,-6.0,0.1
2019-01-30,0.5,-14.6,-6.3
2019-01-31,-8.3,-16.5,-12.4
2019-02-01,-5.0,-12.2,-8.9
2019-02-02,2.3,-10.7,-4.5
2019-02-03,9.2,-4.4,1.6
2019-02-04,11.7,-2.4,3.6
2019-02-05,17.3,-0.2,6.9
2019-02-06,7.4,-1.4,3.0
2019-02-07,7.6,2.4,4.9
2019-02-08,10.9,-0.7,5.5
2019-02-09,0.7,-5.3,-3.0
2019-02-10,2.9,-6.5,-2.3
2019-02-11,2.9,-1.9,0.1
2019-02-12,1.2,-2.6,-1.1
2019-02-13,5.9,-1.7,2.1
2019-02-14,7.1,-2.8,1.4
2019-02-15,12.4,2.9,8.4
2019-02-16,5.8,-2.6,1.9
2019-02-17,2.6,-5.6,-1.2
2019-02-18,6.2,-3.9,1.0
2019-02-19,2.3,-5.6,-2.5
2019-02-20,-0.4,-4.1,-2.6
2019-02-21,11.5,0.1,4.6
2019-02-22,7.1,-0.7,3.1
2019-02-23,5.1,-2.5,1.2
2019-02-24,10.2,2.3,6.7
2019-02-25,5.0,-3.0,1.8
2019-02-26,3.0,-4.7,-1.9
2019-02-27,-1.8,-5.3,-3.7
2019-02-28,2.7,-3.5,-0.9
2019-03-01,3.1,-3.3,-0.3
2019-03-02,3.5,-0.9,1.3
2019-03-03,6.1,-1.4,2.0
2019-03-04,2.5,-5.5,-0.2
2019-03-05,-1.6,-15.1,-6.1
2019-03-06,-3.0,-9.5,-5.9
2019-03-07,0.7,-9.1,-4.5
2019-03-08,2.7,-7.5,-2.1
2019-03-09,8.3,-4.8,1.2
2019-03-10,8.4,0.9,3.9
2019-03-11,10.8,1.7,6.4
2019-03-12,5.1,-1.6,1.8
2019-03-13,6.7,-5.1,1.6
2019-03-14,11.3,0.6,6.9
2019-03-15,21.1,9.5,14.7
2019-03-16,11.0,1.8,6.7
2019-03-17,5.6,-2.2,1.6
2019-03-18,7.1,-4.3,1.8
2019-03-19,8.0,-3.5,2.3
2019-03-20,9.7,-2.2,4.0
2019-03-21,8.8,2.7,6.1
2019-03-22,9.6,2.7,5.8
2019-03-23,8.5,-0.2,3.7
2019-03-24,13.3,-1.5,6.4
2019-03-25,9.2,3.3,7.7
2019-03-26,7.8,-2.6,2.7
2019-03-27,6.6,-2.7,1.8
2019-03-28,9.0,-1.7,4.2
2019-03-29,12.5,5.1,9.2
2019-03-30,15.7,6.3,11.0
2019-03-31,17.9,3.6,10.0
2019-04-01,7.6,-0.9,3.1
2019-04-02,9.0,-2.3,4.2
2019-04-03,17.0,2.3,9.7
2019-04-04,13.7,2.0,7.7
2019-04-05,5.5,1.0,3.6
2019-04-06,20.1,3.9,10.3
2019-04-07,16.4,3.3,10.2
2019-04-08,24.3,8.2,15.5
2019-04-09,12.9,4.2,8.6
2019-04-10,14.1,4.1,9.0
2019-04-11,10.6,2.1,6.2
2019-04-12,18.4,6.1,12.1
2019-04-13,22.9,14.1,17.2
2019-04-14,18.5,11.1,14.9
2019-04-15,18.9,7.1,13.3
2019-04-16,17.0,5.1,10.9
2019-04-17,14.9,7.7,10.3
2019-04-18,16.6,8.7,12.3
2019-04-19,22.3,14.8,17.6
2019-04-20,17.0,11.4,15.0
2019-04-21,17.3,9.4,13.2
2019-04-22,16.6,9.2,13.3
2019-04-23,22.6,9.6,15.7
2019-04-24,19.5,10.9,16.2
2019-04-25,16.4,7.4,11.3
2019-04-26,16.6,10.3,13.4
2019-04-27,12.5,7.3,10.2
2019-04-28,10.9,5.2,8.5
2019-04-29,13.3,3.2,8.6
2019-04-30,17.3,8.5,11.6
2019-05-01,12.8,8.0,10.6
2019-05-02,24.1,10.2,14.7
2019-05-03,14.9,9.3,11.6
2019-05-04,20.8,10.6,14.8
2019-05-05,13.1,10.7,11.8
2019-05-06,20.7,9.2,13.9
2019-05-07,18.4,10.0,14.1
2019-05-08,19.2,10.2,14.3
2019-05-09,15.4,9.3,12.0
2019-05-10,21.4,12.2,17.2
2019-05-11,19.4,11.9,16.0
2019-05-12,12.8,6.9,9.0
2019-05-13,10.8,7.1,8.6
2019-05-14,11.7,6.8,8.9
2019-05-15,19.7,6.1,12.9
2019-05-16,20.8,9.9,15.6
2019-05-17,24.1,11.5,18.5
2019-05-18,22.9,11.1,16.5
2019-05-19,21.4,12.1,17.7
2019-05-20,28.5,18.5,23.2
2019-05-21,20.0,12.4,16.1
2019-05-22,22.1,9.9,16.5
2019-05-23,23.4,13.5,18.5
2019-05-24,23.2,14.4,19.7
2019-05-25,19.7,11.6,15.7
2019-05-26,29.5,15.0,21.9
2019-05-27,25.2,15.7,20.9
2019-05-28,20.7,15.6,18.2
2019-05-29,21.2,13.6,17.7
2019-05-30,20.9,13.1,16.7
2019-05-31,25.2,17.0,21.0
2019-06-01,26.2,15.3,19.8
2019-06-02,26.1,16.1,20.7
2019-06-03,20.4,11.2,16.7
2019-06-04,21.3,10.8,16.1
2019-06-05,26.0,16.4,21.0
2019-06-06,26.7,18.9,23.1
2019-06-07,25.0,16.0,20.5
2019-06-08,25.9,14.5,20.1
2019-06-09,23.9,13.1,18.4
2019-06-10,20.5,13.1,17.7
2019-06-11,23.6,15.6,20.2
2019-06-12,22.5,12.1,17.8
2019-06-13,19.0,14.9,16.5
2019-06-14,22.6,14.6,17.9
2019-06-15,26.3,12.3,20.2
2019-06-16,26.8,17.9,22.2
2019-06-17,23.6,19.3,21.3
2019-06-18,24.8,18.9,20.8
2019-06-19,21.3,17.6,19.7
2019-06-20,25.5,19.0,22.0
2019-06-21,24.2,18.1,20.5
2019-06-22,24.4,15.8,20.4
2019-06-23,26.8,15.1,21.6
2019-06-24,28.0,15.9,22.2
2019-06-25,27.6,20.1,22.8
2019-06-26,30.0,20.3,24.8
2019-06-27,30.5,19.1,25.3
2019-06-28,30.3,19.0,24.9
2019-06-29,30.6,21.4,25.7
2019-06-30,27.1,20.3,23.8
2019-07-01,29.7,17.1,23.5
2019-07-02,30.1,18.3,24.9
2019-07-03,29.7,22.1,26.1
2019-07-04,31.1,20.2,25.4
2019-07-05,28.0,19.9,24.2
2019-07-06,30.4,24.1,26.4
2019-07-07,27.9,22.2,24.7
2019-07-08,24.4,20.6,22.0
2019-07-09,31.4,19.2,24.9
2019-07-10,31.6,20.1,26.2
2019-07-11,29.2,22.0,25.0
2019-07-12,30.4,21.9,25.6
2019-07-13,30.3,19.7,24.7
2019-07-14,31.2,21.4,26.7
2019-07-15,30.9,18.7,24.8
2019-07-16,32.9,19.8,26.6
2019-07-17,33.8,23.7,27.8
2019-07-18,28.5,21.2,24.7
2019-07-19,32.3,20.9,26.9
2019-07-20,34.7,25.5,30.0
2019-07-21,35.1,25.4,30.1
2019-07-22,30.8,23.1,26.5
2019-07-23,24.2,20.3,22.1
2019-07-24,26.4,20.4,23.2
2019-07-25,28.3,20.2,23.9
2019-07-26,28.6,19.1,24.5
2019-07-27,28.1,20.4,24.1
2019-07-28,31.3,21.6,26.1
2019-07-29,31.9,21.5,26.6
2019-07-30,32.1,23.5,27.7
2019-07-31,30.1,22.8,25.6
2019-08-01,30.1,22.1,25.7
2019-08-02,28.8,21.1,24.9
2019-08-03,28.5,20.8,24.5
2019-08-04,30.6,21.6,25.8
2019-08-05,28.4,20.5,24.2
2019-08-06,27.6,20.5,24.0
2019-08-07,28.0,21.4,23.8
2019-08-08,29.1,19.0,24.0
2019-08-09,28.6,20.3,24.1
2019-08-10,27.4,18.0,22.6
2019-08-11,27.9,15.8,21.7
2019-08-12,30.6,16.3,23.5
2019-08-13,25.5,21.9,23.6
2019-08-14,26.1,21.2,23.3
2019-08-15,27.0,20.1,23.1
2019-08-16,26.2,19.4,22.9
2019-08-17,28.1,21.5,24.4
2019-08-18,28.5,22.9,25.1
2019-08-19,31.2,22.4,26.1
2019-08-20,29.6,22.1,25.6
2019-08-21,30.3,23.5,26.2
2019-08-22,31.9,22.9,26.6
2019-08-23,23.6,19.0,21.5
2019-08-24,24.0,16.7,20.5
2019-08-25,23.8,17.6,20.3
2019-08-26,23.6,15.0,18.8
2019-08-27,22.1,15.6,19.1
2019-08-28,23.2,17.4,20.6
2019-08-29,27.9,17.6,22.4
2019-08-30,30.5,15.7,23.2
2019-08-31,27.6,19.2,22.7
2019-09-01,25.3,17.0,20.9
2019-09-02,25.4,19.3,21.7
2019-09-03,26.8,18.4,22.0
2019-09-04,30.9,18.0,23.6
2019-09-05,24.1,16.9,20.1
2019-09-06,20.4,15.5,18.0
2019-09-07,24.2,13.7,18.6
2019-09-08,25.9,14.9,20.1
2019-09-09,23.5,16.5,20.2
2019-09-10,24.0,17.5,21.0
2019-09-11,31.0,19.2,24.6
2019-09-12,25.8,16.9,22.1
2019-09-13,20.6,13.9,17.3
2019-09-14,23.2,15.1,20.4
2019-09-15,27.2,19.1,22.3
2019-09-16,24.6,18.6,21.1
2019-09-17,23.7,14.7,19.0
2019-09-18,20.3,13.5,16.5
2019-09-19,20.5,10.2,15.1
2019-09-20,25.1,10.7,17.9
2019-09-21,27.5,13.8,20.4
2019-09-22,28.6,15.1,22.1
2019-09-23,30.7,20.8,25.1
2019-09-24,25.0,15.8,20.8
2019-09-25,25.3,12.7,18.5
2019-09-26,26.6,14.4,19.6
2019-09-27,22.5,12.7,17.7
2019-09-28,25.7,16.2,21.0
2019-09-29,25.3,17.2,21.0
2019-09-30,20.9,15.6,17.9
2019-10-01,26.6,16.0,21.3
2019-10-02,33.0,16.4,24.6
2019-10-03,15.8,13.1,14.2
2019-10-04,18.8,10.3,15.1
2019-10-05,14.8,7.1,11.0
2019-10-06,20.9,13.9,18.1
2019-10-07,25.3,15.5,20.8
2019-10-08,18.6,13.9,15.8
2019-10-09,14.2,11.3,12.9
2019-10-10,20.9,11.1,15.3
2019-10-11,17.6,11.9,14.4
2019-10-12,19.8,11.0,15.1
2019-10-13,18.2,9.9,14.4
2019-10-14,22.5,12.8,16.5
2019-10-15,16.8,8.7,12.8
2019-10-16,18.8,11.3,15.0
2019-10-17,13.7,9.6,11.9
2019-10-18,15.2,7.5,11.1
2019-10-19,15.1,4.6,9.9
2019-10-20,15.3,6.4,12.0
2019-10-21,18.8,9.4,13.2
2019-10-22,17.2,11.2,14.2
2019-10-23,18.0,10.6,15.0
2019-10-24,18.0,6.5,12.3
2019-10-25,17.1,8.2,13.0
2019-10-26,16.6,9.6,13.4
2019-10-27,20.7,12.7,15.4
2019-10-28,17.6,10.3,14.0
2019-10-29,15.8,12.4,14.1
2019-10-30,17.6,13.1,15.5
2019-10-31,20.6,15.7,18.7
2019-11-01,20.6,5.9,10.1
2019-11-02,10.1,3.0,7.3
2019-11-03,11.3,4.1,7.6
2019-11-04,12.4,2.9,8.4
2019-11-05,15.4,7.1,11.2
2019-11-06,11.5,5.0,8.1
2019-11-07,13.6,5.0,9.1
2019-11-08,4.6,-1.3,1.9
2019-11-09,4.2,-4.3,0.5
2019-11-10,10.8,-0.8,5.1
2019-11-11,14.1,3.8,9.2
2019-11-12,12.1,-3.6,4.5
2019-11-13,1.0,-4.9,-2.5
2019-11-14,6.1,-4.0,1.2
2019-11-15,10.2,-1.4,4.2
2019-11-16,4.3,-1.5,1.6
2019-11-17,4.2,-2.6,1.7
2019-11-18,4.7,2.8,3.7
2019-11-19,10.7,3.0,6.1
2019-11-20,7.4,2.9,4.6
2019-11-21,10.4,0.6,5.9
2019-11-22,11.4,2.9,7.2
2019-11-23,6.6,-0.8,3.3
2019-11-24,8.3,3.2,5.7
2019-11-25,10.3,1.8,5.6
2019-11-26,13.6,1.2,6.9
2019-11-27,14.2,2.8,9.6
2019-11-28,10.3,1.9,6.7
2019-11-29,5.2,-1.3,1.1
2019-11-30,5.7,-2.4,0.7
2019-12-01,3.7,-3.1,0.1
2019-12-02,3.3,-0.5,1.5
2019-12-03,3.2,-2.4,-0.1
2019-12-04,4.5,-2.9,1.5
2019-12-05,5.3,-0.1,2.4
2019-12-06,8.5,-2.3,3.5
2019-12-07,2.7,-3.7,-0.2
2019-12-08,4.2,-4.8,0.0
2019-12-09,11.8,4.4,8.8
2019-12-10,13.2,5.9,11.3
2019-12-11,5.3,-0.6,1.8
2019-12-12,1.4,-3.9,-1.6
2019-12-13,9.9,-2.2,4.5
2019-12-14,12.8,6.2,10.3
2019-12-15,8.5,1.2,5.4
2019-12-16,2.1,-0.9,1.1
2019-12-17,1.1,-0.5,0.6
2019-12-18,3.4,-4.9,-0.3
2019-12-19,-2.8,-8.7,-6.0
2019-12-20,1.6,-5.9,-3.4
2019-12-21,0.5,-6.0,-3.1
2019-12-22,8.2,-4.1,0.6
2019-12-23,11.3,-0.4,4.3
2019-12-24,7.3,-2.0,2.9
2019-12-25,6.2,-3.8,0.5
2019-12-26,6.5,-2.0,3.1
2019-12-27,10.1,5.9,7.7
2019-12-28,9.1,0.7,5.3
2019-12-29,5.7,-0.9,2.8
2019-12-30,5.4,3.1,4.4
2019-12-31,6.5,2.2,3.9
2020-01-01,4.6,-1.0,2.0
2020-01-02,8.7,-2.3,2.5
2020-01-03,9.2,1.8,6.6
2020-01-04,9.5,4.8,7.8
2020-01-05,5.1,-1.8,2.4
2020-01-06,7.6,-1.5,2.7
2020-01-07,6.3,-0.7,2.5
2020-01-08,5.1,-2.1,0.9
2020-01-09,0.6,-5.2,-2.2
2020-01-10,11.2,-1.1,5.5
2020-01-11,17.7,8.0,13.9
2020-01-12,18.7,5.4,14.1
2020-01-13,9.0,1.4,4.9
2020-01-14,7.0,1.2,4.4
2020-01-15,9.1,1.5,5.7
2020-01-16,8.7,0.7,5.5
2020-01-17,0.2,-6.0,-3.5
2020-01-18,2.5,-6.3,-2.8
2020-01-19,6.8,-1.6,2.5
2020-01-20,-0.9,-7.2,-4.1
2020-01-21,1.1,-6.9,-3.6
2020-01-22,2.3,-5.4,-2.1
2020-01-23,6.4,-4.6,-0.0
2020-01-24,9.9,-2.7,2.9
2020-01-25,10.4,1.4,5.4
2020-01-26,7.7,0.9,3.9
2020-01-27,7.5,-0.4,3.5
2020-01-28,5.7,-0.6,2.9
2020-01-29,4.1,-2.9,0.4
2020-01-30,1.7,-5.7,-1.9
2020-01-31,6.5,-2.4,2.3
2020-02-01,5.3,-0.5,2.6
2020-02-02,6.4,0.5,2.7
2020-02-03,12.2,0.4,5.8
2020-02-04,13.1,2.8,7.4
2020-02-05,8.1,3.2,4.5
2020-02-06,6.0,2.5,4.2
2020-02-07,14.1,0.3,4.9
2020-02-08,4.7,-2.5,0.6
2020-02-09,6.4,-2.4,1.7
2020-02-10,8.4,3.6,5.8
2020-02-11,7.7,5.2,6.2
2020-02-12,7.2,0.6,4.3
2020-02-13,6.2,2.3,4.2
2020-02-14,2.3,-7.6,-1.7
2020-02-15,-2.0,-9.3,-5.3
2020-02-16,7.4,-2.8,1.6
2020-02-17,9.6,-0.4,3.6
2020-02-18,9.3,0.4,4.7
2020-02-19,8.0,-1.3,4.4
2020-02-20,3.2,-3.7,-0.6
2020-02-21,1.5,-6.5,-2.8
2020-02-22,8.7,-3.5,1.7
2020-02-23,11.7,-3.1,3.8
2020-02-24,13.1,-1.5,5.5
2020-02-25,10.4,4.2,7.6
2020-02-26,9.9,5.5,7.2
2020-02-27,9.6,-1.2,4.3
2020-02-28,5.3,-2.7,0.6
2020-02-29,2.5,-4.2,-1.3
2020-03-01,6.7,-4.9,-0.1
2020-03-02,12.2,-1.5,6.5
2020-03-03,13.8,6.6,9.7
2020-03-04,12.9,5.0,8.5
2020-03-05,10.4,1.1,5.2
2020-03-06,6.7,0.2,3.9
2020-03-07,8.1,0.3,3.3
2020-03-08,13.6,-2.3,5.5
2020-03-09,19.8,3.1,11.3
2020-03-10,15.8,7.7,12.3
2020-03-11,12.7,2.2,8.0
2020-03-12,9.9,1.6,6.0
2020-03-13,19.7,7.3,12.7
2020-03-14,12.3,3.8,8.1
2020-03-15,10.8,1.7,6.2
2020-03-16,7.1,-2.1,2.7
2020-03-17,11.9,3.6,6.9
2020-03-18,10.4,-0.1,6.1
2020-03-19,12.4,4.9,8.2
2020-03-20,24.2,7.3,15.0
2020-03-21,15.1,3.2,7.8
2020-03-22,6.0,-0.5,2.3
2020-03-23,5.6,1.9,2.8
2020-03-24,13.0,0.6,6.0
2020-03-25,7.9,2.8,5.1
2020-03-26,13.2,0.4,6.6
2020-03-27,18.0,6.9,11.6
2020-03-28,10.1,5.0,7.7
2020-03-29,11.1,7.1,8.4
2020-03-30,12.9,3.7,8.0
2020-03-31,9.1,4.4,5.9
2020-04-01,12.1,2.1,6.9
2020-04-02,14.2,2.5,8.5
2020-04-03,9.4,5.5,7.9
2020-04-04,15.0,6.9,9.7
2020-04-05,16.5,5.1,10.2
2020-04-06,17.3,7.3,11.7
2020-04-07,17.8,7.2,11.6
2020-04-08,18.8,7.9,12.7
2020-04-09,16.5,5.7,9.6
2020-04-10,9.3,3.3,6.2
2020-04-11,11.6,2.2,6.6
2020-04-12,14.6,0.9,9.5
2020-04-13,18.2,12.2,14.9
2020-04-14,13.4,6.3,9.9
2020-04-15,10.8,4.6,7.2
2020-04-16,9.1,2.9,6.2
2020-04-17,10.2,-0.3,5.0
2020-04-18,8.7,3.0,6.1
2020-04-19,15.7,1.4,9.1
2020-04-20,12.1,5.3,9.0
2020-04-21,14.2,4.0,8.7
2020-04-22,9.3,0.7,4.8
2020-04-23,10.2,0.1,5.5
2020-04-24,8.9,5.0,7.2
2020-04-25,17.1,2.5,9.6
2020-04-26,9.7,5.6,7.8
2020-04-27,8.3,4.4,6.1
2020-04-28,18.0,2.3,9.5
2020-04-29,14.0,3.9,9.0
2020-04-30,16.0,9.6,13.2
2020-05-01,18.4,11.5,14.3
2020-05-02,21.3,8.8,15.4
2020-05-03,24.5,11.4,17.8
2020-05-04,20.1,8.5,14.8
2020-05-05,14.9,6.6,10.4
2020-05-06,11.7,6.2,8.8
2020-05-07,16.9,5.3,11.7
2020-05-08,11.3,5.5,8.6
2020-05-09,8.3,0.5,4.7
2020-05-10,16.1,2.8,9.7
2020-05-11,14.6,5.7,10.2
2020-05-12,14.2,4.7,9.2
2020-05-13,15.7,2.1,9.4
2020-05-14,16.9,4.1,12.1
2020-05-15,27.5,12.4,20.5
2020-05-16,23.0,14.9,19.0
2020-05-17,18.3,10.1,13.9
2020-05-18,20.1,10.3,14.8
2020-05-19,18.2,10.6,14.1
2020-05-20,17.9,6.8,12.5
2020-05-21,17.8,4.8,11.9
2020-05-22,23.2,11.5,17.2
2020-05-23,20.0,11.8,15.9
2020-05-24,19.5,9.7,14.4
2020-05-25,20.7,12.3,15.8
2020-05-26,23.1,13.5,17.5
2020-05-27,23.1,14.6,18.0
2020-05-28,24.0,16.2,19.0
2020-05-29,24.7,17.5,20.9
2020-05-30,26.2,18.6,22.3
2020-05-31,21.0,12.6,16.4
2020-06-01,20.0,8.9,15.0
2020-06-02,22.3,12.1,17.8
2020-06-03,28.6,15.2,21.5
2020-06-04,29.5,17.7,23.0
2020-06-05,23.9,19.5,21.6
2020-06-06,29.7,19.6,24.3
2020-06-07,25.2,15.9,19.8
2020-06-08,26.0,13.7,19.5
2020-06-09,30.1,14.2,22.9
2020-06-10,28.6,19.6,23.0
2020-06-11,28.4,21.2,23.4
2020-06-12,28.6,19.0,23.7
2020-06-13,23.2,14.9,18.9
2020-06-14,22.5,11.9,17.0
2020-06-15,23.6,14.0,18.4
2020-06-16,25.3,13.6,19.1
2020-06-17,26.0,13.7,19.6
2020-06-18,25.3,17.8,20.9
2020-06-19,25.9,18.8,21.7
2020-06-20,28.3,18.9,23.4
2020-06-21,29.1,19.5,24.1
2020-06-22,31.7,20.4,25.9
2020-06-23,29.1,20.6,24.9
2020-06-24,31.0,21.6,26.1
2020-06-25,29.6,18.4,24.1
2020-06-26,31.1,18.8,24.9
2020-06-27,27.7,17.9,23.7
2020-06-28,29.8,19.9,24.4
2020-06-29,29.3,20.2,24.1
2020-06-30,25.5,18.5,22.2
2020-07-01,27.5,18.9,22.8
2020-07-02,32.2,20.1,25.7
2020-07-03,31.5,21.9,26.1
2020-07-04,29.2,20.1,23.8
2020-07-05,33.0,21.6,26.3
2020-07-06,33.6,20.8,26.5
2020-07-07,27.6,22.1,24.2
2020-07-08,28.8,22.8,25.3
2020-07-09,30.8,21.7,25.9
2020-07-10,24.4,22.2,23.4
2020-07-11,28.3,22.7,25.2
2020-07-12,31.3,21.0,26.0
2020-07-13,31.2,21.7,26.0
2020-07-14,28.5,20.0,24.7
2020-07-15,26.6,20.3,23.2
2020-07-16,25.2,19.8,22.1
2020-07-17,28.9,19.7,24.2
2020-07-18,33.7,21.4,26.8
2020-07-19,34.3,22.1,27.9
2020-07-20,36.5,24.7,30.0
2020-07-21,33.8,21.9,27.6
2020-07-22,33.3,24.2,27.9
2020-07-23,31.2,23.2,26.2
2020-07-24,26.0,22.7,24.2
2020-07-25,30.3,21.4,26.1
2020-07-26,34.9,23.4,28.6
2020-07-27,36.3,21.4,29.5
2020-07-28,34.4,25.3,29.4
2020-07-29,32.2,23.2,27.6
2020-07-30,33.2,22.9,28.1
2020-07-31,26.6,22.1,24.2
2020-08-01,30.4,20.1,25.7
2020-08-02,29.1,23.6,26.6
2020-08-03,31.8,23.9,27.2
2020-08-04,27.4,23.2,24.7
2020-08-05,30.7,21.7,25.7
2020-08-06,26.4,18.6,22.6
2020-08-07,27.4,21.2,23.8
2020-08-08,27.0,20.8,23.6
2020-08-09,29.0,21.0,25.0
2020-08-10,32.1,22.5,27.1
2020-08-11,30.1,24.0,26.6
2020-08-12,31.2,23.3,27.2
2020-08-13,26.0,23.1,24.3
2020-08-14,30.0,22.2,25.6
2020-08-15,28.9,20.3,23.7
2020-08-16,21.4,18.3,20.1
2020-08-17,26.0,16.5,21.2
2020-08-18,28.4,18.9,23.5
2020-08-19,23.8,19.0,21.2
2020-08-20,26.0,16.7,21.3
2020-08-21,28.8,18.2,23.4
2020-08-22,30.1,21.2,25.4
2020-08-23,29.0,20.6,24.7
2020-08-24,31.0,21.7,26.2
2020-08-25,33.3,22.8,26.7
2020-08-26,26.4,19.2,22.5
2020-08-27,33.8,18.9,25.3
2020-08-28,32.0,20.6,24.9
2020-08-29,25.4,22.2,23.9
2020-08-30,25.8,17.5,21.5
2020-08-31,23.8,15.0,20.0
2020-09-01,25.3,19.6,21.9
2020-09-02,25.4,19.5,23.0
2020-09-03,29.6,22.9,25.0
2020-09-04,28.9,18.9,24.0
2020-09-05,25.7,16.2,20.9
2020-09-06,26.9,16.8,21.7
2020-09-07,25.6,17.1,21.5
2020-09-08,27.8,18.0,22.0
2020-09-09,27.0,18.9,22.8
2020-09-10,27.2,22.0,24.1
2020-09-11,24.9,16.8,21.7
2020-09-12,21.7,15.3,18.1
2020-09-13,23.2,16.2,20.5
2020-09-14,25.1,15.2,20.7
2020-09-15,19.4,11.3,15.1
2020-09-16,21.8,11.7,17.2
2020-09-17,22.6,16.2,19.5
2020-09-18,20.5,13.0,17.3
2020-09-19,17.3,9.4,13.2
2020-09-20,17.3,9.4,12.8
2020-09-21,18.6,8.2,13.1
2020-09-22,22.6,8.4,15.0
2020-09-23,26.5,12.0,19.0
2020-09-24,24.9,12.8,18.6
2020-09-25,25.3,13.0,18.9
2020-09-26,23.8,14.8,19.2
2020-09-27,26.1,17.0,21.5
2020-09-28,24.3,19.8,21.5
2020-09-29,23.4,18.8,21.1
2020-09-30,21.5,16.1,19.0
2020-10-01,22.1,14.0,17.9
2020-10-02,18.1,12.3,15.1
2020-10-03,18.5,9.5,13.6
2020-10-04,18.6,9.4,14.3
2020-10-05,19.8,10.9,15.1
2020-10-06,20.1,12.2,16.6
2020-10-07,24.2,13.4,18.0
2020-10-08,17.8,9.7,14.1
2020-10-09,19.0,8.7,14.3
2020-10-10,24.0,13.6,18.5
2020-10-11,19.4,14.7,17.2
2020-10-12,13.9,11.3,12.7
2020-10-13,14.9,12.6,14.0
2020-10-14,20.5,8.9,14.4
2020-10-15,21.1,10.5,16.3
2020-10-16,17.3,9.8,13.9
2020-10-17,15.3,7.1,11.1
2020-10-18,17.0,6.0,12.3
2020-10-19,18.1,9.3,14.1
2020-10-20,21.3,12.4,16.7
2020-10-21,20.1,14.6,17.2
2020-10-22,21.5,16.2,18.5
2020-10-23,20.9,16.1,17.8
2020-10-24,21.2,9.6,16.4
2020-10-25,11.2,6.8,9.4
2020-10-26,16.8,11.1,13.9
2020-10-27,15.4,11.8,13.8
2020-10-28,16.1,11.4,13.0
2020-10-29,12.2,8.3,10.6
2020-10-30,8.2,2.1,5.1
2020-10-31,7.4,-0.1,4.2
2020-11-01,14.0,4.1,9.5
2020-11-02,6.6,3.0,4.9
2020-11-03,11.8,4.3,7.8
2020-11-04,16.0,3.5,9.8
2020-11-05,18.6,6.6,12.3
2020-11-06,20.1,9.1,13.7
2020-11-07,21.5,7.6,14.0
2020-11-08,21.8,7.3,13.5
2020-11-09,21.2,7.8,13.1
2020-11-10,21.0,11.3,15.4
2020-11-11,21.8,15.5,18.0
2020-11-12,18.5,8.4,12.6
2020-11-13,10.5,5.7,8.7
2020-11-14,11.1,3.2,7.0
2020-11-15,17.2,2.7,9.8
2020-11-16,11.3,3.8,8.5
2020-11-17,8.6,1.8,4.9
2020-11-18,2.1,-2.9,0.4
2020-11-19,7.1,-2.9,2.8
2020-11-20,14.4,5.3,9.3
2020-11-21,15.8,6.1,10.7
2020-11-22,13.5,4.5,8.5
2020-11-23,14.4,4.6,10.0
2020-11-24,8.5,3.0,5.4
2020-11-25,11.3,4.3,8.0
2020-11-26,17.1,9.0,13.2
2020-11-27,15.8,6.4,10.4
2020-11-28,12.9,4.3,8.1
2020-11-29,10.5,1.7,5.8
2020-11-30,16.6,4.5,12.8
2020-12-01,14.8,3.0,9.2
2020-12-02,7.1,1.5,3.9
2020-12-03,9.7,0.6,4.7
2020-12-04,11.5,4.5,7.4
2020-12-05,7.3,3.0,5.7
2020-12-06,3.9,0.3,2.2
2020-12-07,4.4,-1.9,0.7
2020-12-08,3.6,-1.6,0.2
2020-12-09,3.8,-2.2,0.9
2020-12-10,9.4,-0.3,4.1
2020-12-11,10.7,-0.5,4.8
2020-12-12,13.3,2.0,8.3
2020-12-13,14.8,4.3,9.8
2020-12-14,4.3,2.3,3.1
2020-12-15,3.8,-2.2,0.6
2020-12-16,1.1,-4.3,-1.7
2020-12-17,0.9,-4.7,-2.4
2020-12-18,-1.8,-7.4,-5.1
2020-12-19,-2.0,-10.0,-6.0
2020-12-20,3.2,-7.1,-0.6
2020-12-21,2.7,-1.3,1.0
2020-12-22,5.6,-1.8,1.8
2020-12-23,3.5,-3.6,1.3
2020-12-24,15.5,4.3,11.5
2020-12-25,15.6,-1.6,9.2
2020-12-26,-0.1,-4.9,-2.7
2020-12-27,2.6,-4.6,-1.6
2020-12-28,9.5,-0.8,4.7
2020-12-29,3.3,-3.1,0.8
2020-12-30,4.0,-3.9,0.6
2020-12-31,8.7,-0.2,5.7
2021-01-01,4.1,-2.7,1.1
2021-01-02,10.4,0.1,5.4
2021-01-03,4.2,-1.3,1.8
2021-01-04,6.6,0.6,2.7
2021-01-05,5.3,0.8,2.5
2021-01-06,4.8,-0.9,1.6
2021-01-07,5.9,-1.9,0.8
2021-01-08,5.1,-3.7,-0.3
2021-01-09,2.2,-4.2,-1.0
2021-01-10,4.7,-3.2,-0.3
2021-01-11,1.8,-4.9,-1.7
2021-01-12,5.7,-3.2,0.2
2021-01-13,5.9,-3.8,0.6
2021-01-14,8.7,-1.0,3.0
2021-01-15,7.5,-1.7,3.6
2021-01-16,8.1,1.7,5.4
2021-01-17,7.3,-0.1,3.5
2021-01-18,7.0,-0.0,2.9
2021-01-19,5.0,-1.5,1.4
2021-01-20,4.6,-4.2,-0.1
2021-01-21,5.4,-5.0,-0.6
2021-01-22,7.0,-1.2,2.5
2021-01-23,0.2,-4.8,-2.4
2021-01-24,0.3,-5.6,-3.2
2021-01-25,3.4,-5.1,-1.5
2021-01-26,1.9,-1.4,0.3
2021-01-27,4.4,-2.3,1.2
2021-01-28,0.5,-6.8,-2.7
2021-01-29,-4.3,-9.3,-6.9
2021-01-30,0.9,-9.0,-5.2
2021-01-31,-2.8,-7.8,-5.3
2021-02-01,1.0,-3.5,-1.1
2021-02-02,2.1,-1.6,0.1
2021-02-03,1.5,-2.2,-0.6
2021-02-04,3.6,-4.6,-1.2
2021-02-05,4.7,-3.9,1.4
2021-02-06,4.1,-6.0,-0.7
2021-02-07,0.4,-5.1,-1.6
2021-02-08,-3.7,-11.0,-7.4
2021-02-09,1.5,-10.5,-3.7
2021-02-10,-0.0,-10.7,-4.4
2021-02-11,0.4,-5.9,-3.0
2021-02-12,-2.5,-11.5,-6.2
2021-02-13,-2.2,-7.6,-4.3
2021-02-14,2.8,-2.4,-0.4
2021-02-15,1.2,-2.2,-0.3
2021-02-16,9.0,-0.7,5.0
2021-02-17,-0.2,-6.2,-3.5
2021-02-18,-2.1,-4.1,-3.1
2021-02-19,-0.0,-3.1,-1.3
2021-02-20,0.1,-6.1,-2.3
2021-02-21,0.9,-8.9,-4.9
2021-02-22,2.9,-7.7,-0.5
2021-02-23,6.7,-1.5,2.8
2021-02-24,10.6,-0.6,4.9
2021-02-25,8.5,-1.9,4.9
2021-02-26,6.8,-3.3,1.6
2021-02-27,12.0,2.4,6.3
2021-02-28,7.8,0.2,4.5
2021-03-01,9.1,-0.0,5.5
2021-03-02,-0.3,-7.1,-3.5
2021-03-03,10.7,-2.8,3.3
2021-03-04,5.8,-3.7,1.7
2021-03-05,2.2,-6.4,-2.1
2021-03-06,1.7,-5.0,-1.5
2021-03-07,4.5,-5.6,-0.9
2021-03-08,6.0,-7.0,-0.5
2021-03-09,16.0,-0.1,7.7
2021-03-10,11.5,-1.5,4.9
2021-03-11,18.0,2.2,10.5
2021-03-12,18.6,9.2,13.6
2021-03-13,8.9,-1.3,4.2
2021-03-14,10.2,-1.6,4.5
2021-03-15,2.7,-6.0,-1.9
2021-03-16,2.8,-4.3,-0.5
2021-03-17,8.2,0.7,4.3
2021-03-18,7.6,4.0,6.0
2021-03-19,5.5,-2.8,1.6
2021-03-20,13.1,-3.3,3.7
2021-03-21,15.5,-1.4,6.1
2021-03-22,14.0,-1.9,6.3
2021-03-23,17.1,1.4,8.7
2021-03-24,14.0,3.9,9.7
2021-03-25,19.3,9.0,12.4
2021-03-26,25.4,9.7,15.8
2021-03-27,17.5,6.8,11.7
2021-03-28,18.3,7.7,12.1
2021-03-29,11.7,3.0,7.8
2021-03-30,13.1,0.3,7.7
2021-03-31,15.8,7.6,11.8
2021-04-01,11.4,2.2,7.2
2021-04-02,3.5,-3.4,0.8
2021-04-03,10.8,-2.5,4.0
2021-04-04,16.4,2.9,9.4
2021-04-05,18.2,5.6,11.5
2021-04-06,18.6,4.8,10.9
2021-04-07,20.2,6.2,12.0
2021-04-08,19.0,5.1,11.8
2021-04-09,14.5,5.0,9.0
2021-04-10,17.6,8.5,12.6
2021-04-11,14.5,8.3,11.9
2021-04-12,9.0,6.7,7.9
2021-04-13,17.8,5.7,11.1
2021-04-14,20.2,5.4,13.0
2021-04-15,13.2,6.7,10.9
2021-04-16,12.0,4.0,7.6
2021-04-17,12.0,4.8,8.6
2021-04-18,15.2,4.8,10.3
2021-04-19,17.3,5.4,11.4
2021-04-20,21.8,5.9,14.2
2021-04-21,17.8,3.2,11.0
2021-04-22,8.4,1.3,4.9
2021-04-23,15.8,2.2,9.3
2021-04-24,19.8,4.9,12.9
2021-04-25,16.6,8.7,11.8
2021-04-26,13.8,3.9,9.1
2021-04-27,14.9,4.2,10.1
2021-04-28,25.9,7.8,16.5
2021-04-29,21.6,12.5,17.5
2021-04-30,19.4,7.0,15.3
2021-05-01,17.5,5.2,11.0
2021-05-02,26.7,12.0,18.3
2021-05-03,15.9,11.4,13.8
2021-05-04,22.2,11.1,14.8
2021-05-05,14.8,11.0,12.4
2021-05-06,17.5,8.8,13.0
2021-05-07,16.5,7.7,12.0
2021-05-08,12.7,7.4,9.7
2021-05-09,16.8,5.7,10.5
2021-05-10,15.0,8.4,11.4
2021-05-11,16.8,7.7,12.2
2021-05-12,18.1,5.8,11.9
2021-05-13,19.5,6.9,13.6
2021-05-14,22.0,6.9,15.4
2021-05-15,22.9,8.5,16.5
2021-05-16,22.5,9.6,16.6
2021-05-17,23.4,9.1,16.8
2021-05-18,26.5,10.9,19.4
2021-05-19,29.0,12.9,21.0
2021-05-20,23.1,12.3,17.2
2021-05-21,23.9,10.8,17.7
2021-05-22,30.9,16.1,24.5
2021-05-23,32.4,19.5,25.2
2021-05-24,18.3,13.8,16.2
2021-05-25,21.0,12.7,17.3
2021-05-26,28.7,17.4,23.1
2021-05-27,27.8,17.5,22.7
2021-05-28,19.6,10.5,14.7
2021-05-29,11.2,8.7,9.8
2021-05-30,11.8,8.6,10.1
2021-05-31,20.1,9.6,14.1
2021-06-01,23.7,9.9,17.0
2021-06-02,22.5,12.6,17.3
2021-06-03,23.1,12.8,18.0
2021-06-04,25.4,17.6,20.9
2021-06-05,31.7,17.1,24.3
2021-06-06,31.5,19.8,25.6
2021-06-07,31.2,20.9,25.3
2021-06-08,30.5,21.7,25.3
2021-06-09,30.6,21.8,25.8
2021-06-10,26.9,16.2,22.4
2021-06-11,21.1,15.2,18.0
2021-06-12,21.6,15.8,18.7
2021-06-13,24.4,14.3,18.8
2021-06-14,21.5,17.1,19.2
2021-06-15,25.4,17.5,21.1
2021-06-16,23.3,15.3,19.5
2021-06-17,24.1,12.0,18.5
2021-06-18,26.9,13.0,20.6
2021-06-19,31.9,19.6,24.2
2021-06-20,28.8,17.4,23.3
2021-06-21,28.2,21.6,24.7
2021-06-22,25.0,14.8,20.6
2021-06-23,23.4,12.3,18.0
2021-06-24,23.6,14.3,19.0
2021-06-25,25.0,16.3,20.0
2021-06-26,26.4,18.7,22.8
2021-06-27,28.9,21.8,25.3
2021-06-28,32.3,23.0,27.4
2021-06-29,33.7,24.2,28.9
2021-06-30,35.4,25.2,29.7
2021-07-01,28.2,22.0,24.9
2021-07-02,24.0,18.6,22.1
2021-07-03,19.3,16.2,17.6
2021-07-04,24.2,15.7,20.2
2021-07-05,26.5,17.2,22.7
2021-07-06,33.6,22.1,26.5
2021-07-07,31.4,22.4,26.7
2021-07-08,28.7,21.4,24.5
2021-07-09,29.8,22.2,24.6
2021-07-10,25.8,20.9,23.3
2021-07-11,25.2,19.8,22.5
2021-07-12,28.3,22.4,24.6
2021-07-13,25.1,20.7,22.7
2021-07-14,30.4,21.6,24.9
2021-07-15,29.7,21.3,26.0
2021-07-16,31.6,23.5,27.5
2021-07-17,31.3,23.5,26.9
2021-07-18,28.5,23.0,25.3
2021-07-19,27.3,21.0,23.9
2021-07-20,31.1,21.1,25.7
2021-07-21,27.8,20.2,24.1
2021-07-22,26.7,17.8,22.4
2021-07-23,26.2,17.1,22.2
2021-07-24,27.1,18.2,22.8
2021-07-25,27.3,20.4,24.1
2021-07-26,31.7,21.9,26.0
2021-07-27,30.7,19.1,25.1
2021-07-28,27.2,20.3,23.3
2021-07-29,25.3,20.4,22.5
2021-07-30,27.8,18.1,23.0
2021-07-31,25.4,13.9,19.7
2021-08-01,24.6,16.7,21.2
2021-08-02,26.8,17.4,21.8
2021-08-03,24.5,15.6,20.8
2021-08-04,24.6,19.0,21.4
2021-08-05,27.5,17.5,21.9
2021-08-06,29.5,18.0,24.3
2021-08-07,29.8,19.7,24.8
2021-08-08,22.5,19.5,20.9
2021-08-09,26.2,20.5,22.9
2021-08-10,27.7,20.7,24.2
2021-08-11,30.8,23.3,26.7
2021-08-12,34.4,23.2,28.1
2021-08-13,34.1,25.0,28.8
2021-08-14,31.0,24.0,27.1
2021-08-15,28.0,20.2,23.8
2021-08-16,27.1,19.5,23.0
2021-08-17,26.6,22.1,23.9
2021-08-18,27.5,21.3,24.7
2021-08-19,30.4,23.7,26.6
2021-08-20,27.3,22.1,24.6
2021-08-21,27.8,21.3,24.9
2021-08-22,24.3,22.6,23.4
2021-08-23,28.6,22.2,24.6
2021-08-24,30.8,22.0,26.1
2021-08-25,31.3,19.7,26.1
2021-08-26,32.0,22.6,27.1
2021-08-27,32.5,23.7,27.5
2021-08-28,25.8,20.1,22.6
2021-08-29,24.9,19.6,22.1
2021-08-30,28.4,21.7,24.7
2021-08-31,28.7,21.0,24.5
2021-09-01,22.9,17.9,21.4
2021-09-02,24.6,15.0,19.4
2021-09-03,21.9,14.0,18.2
2021-09-04,25.4,14.7,19.7
2021-09-05,24.0,16.8,20.9
2021-09-06,27.0,17.8,22.4
2021-09-07,26.0,15.0,20.7
2021-09-08,26.3,19.7,23.2
2021-09-09,22.0,19.6,21.2
2021-09-10,23.1,16.1,19.4
2021-09-11,24.0,13.2,19.1
2021-09-12,29.0,18.5,23.2
2021-09-13,28.9,21.6,24.9
2021-09-14,26.3,19.0,22.1
2021-09-15,28.8,20.8,24.5
2021-09-16,23.8,19.5,21.5
2021-09-17,23.6,20.3,21.8
2021-09-18,27.0,18.9,23.0
2021-09-19,23.7,16.5,20.5
2021-09-20,22.9,16.1,19.4
2021-09-21,23.4,15.4,20.0
2021-09-22,25.5,20.4,22.9
2021-09-23,26.4,17.9,23.2
2021-09-24,22.6,14.6,18.7
2021-09-25,23.1,13.3,18.5
2021-09-26,21.5,15.7,18.2
2021-09-27,25.9,14.5,20.0
2021-09-28,22.2,15.1,19.4
2021-09-29,20.0,11.8,15.7
2021-09-30,18.9,12.4,15.2
2021-10-01,19.5,9.4,14.1
2021-10-02,23.7,10.3,16.5
2021-10-03,25.5,12.5,19.1
2021-10-04,21.0,16.5,19.1
2021-10-05,19.9,15.3,17.1
2021-10-06,20.5,16.1,17.8
2021-10-07,22.6,15.8,18.7
2021-10-08,24.2,14.0,18.7
2021-10-09,20.3,15.5,17.6
2021-10-10,19.1,16.6,17.7
2021-10-11,21.7,16.5,18.3
2021-10-12,21.8,14.9,17.6
2021-10-13,21.6,14.7,18.0
2021-10-14,24.9,15.0,19.1
2021-10-15,24.9,14.8,19.8
2021-10-16,23.5,15.0,19.9
2021-10-17,17.4,11.2,13.9
2021-10-18,15.8,9.4,11.9
2021-10-19,19.0,8.6,13.7
2021-10-20,24.1,13.5,17.8
2021-10-21,22.6,11.9,17.0
2021-10-22,20.5,13.7,17.4
2021-10-23,16.0,10.4,12.6
2021-10-24,15.4,7.1,11.9
2021-10-25,22.4,14.8,18.6
2021-10-26,17.5,13.4,16.0
2021-10-27,15.9,11.0,13.5
2021-10-28,15.1,7.9,11.4
2021-10-29,14.0,8.3,11.6
2021-10-30,18.1,13.4,15.6
2021-10-31,18.7,12.5,14.7
2021-11-01,14.7,7.2,11.6
2021-11-02,11.8,6.8,9.5
2021-11-03,11.0,3.3,6.8
2021-11-04,10.0,2.4,6.3
2021-11-05,10.7,3.2,6.5
2021-11-06,10.6,2.6,6.1
2021-11-07,12.1,2.2,7.0
2021-11-08,16.3,6.4,10.4
2021-11-09,19.4,4.8,11.5
2021-11-10,17.4,5.9,12.1
2021-11-11,15.4,3.3,10.3
2021-11-12,19.0,7.5,15.1
2021-11-13,16.4,4.8,8.9
2021-11-14,8.6,3.1,6.2
2021-11-15,8.8,2.2,5.7
2021-11-16,9.6,1.9,5.3
2021-11-17,12.3,0.9,7.8
2021-11-18,18.8,9.3,13.4
2021-11-19,9.3,3.1,6.6
2021-11-20,7.1,-0.5,4.1
2021-11-21,12.0,5.0,8.7
2021-11-22,11.7,2.0,8.3
2021-11-23,5.5,-0.3,2.2
2021-11-24,6.7,-1.7,2.2
2021-11-25,11.3,0.3,6.0
2021-11-26,7.5,1.7,5.6
2021-11-27,4.7,-0.4,2.1
2021-11-28,4.6,0.2,1.9
2021-11-29,5.8,-1.1,2.7
2021-11-30,4.8,-3.0,1.3
2021-12-01,8.7,1.1,4.5
2021-12-02,13.5,6.0,10.5
2021-12-03,8.4,0.9,5.1
2021-12-04,7.9,-0.4,4.2
2021-12-05,7.8,-0.0,4.1
2021-12-06,15.7,8.5,12.6
2021-12-07,6.2,0.5,3.3
2021-12-08,4.9,0.6,3.0
2021-12-09,3.8,-1.9,1.0
2021-12-10,8.7,0.9,5.2
2021-12-11,17.7,5.4,12.7
2021-12-12,11.3,3.0,6.3
2021-12-13,10.2,2.1,5.6
2021-12-14,10.4,2.0,5.5
2021-12-15,10.9,1.7,6.7
2021-12-16,14.7,10.1,12.1
2021-12-17,14.0,5.7,11.2
2021-12-18,6.7,4.6,5.5
2021-12-19,7.2,-2.1,3.6
2021-12-20,1.7,-4.5,-1.3
2021-12-21,5.7,-2.4,1.5
2021-12-22,8.3,-0.0,4.3
2021-12-23,2.5,-2.2,-0.2
2021-12-24,6.1,-1.5,1.3
2021-12-25,8.8,0.6,6.1
2021-12-26,8.9,2.6,6.2
2021-12-27,2.7,-2.0,1.1
2021-12-28,8.8,2.8,5.4
2021-12-29,7.5,4.4,5.6
2021-12-30,8.9,5.4,6.8
2021-12-31,11.1,7.1,8.9
